time_s,knee_left_deg,knee_right_deg,elbow_left_deg,elbow_right_deg,left_shoulder_x,right_shoulder_x,left_elbow_x,right_elbow_x,left_wrist_x,right_wrist_x,left_pinky_x,right_pinky_x,left_index_x,right_index_x,left_thumb_x,right_thumb_x,left_hip_x,right_hip_x,left_knee_x,right_knee_x,left_ankle_x,right_ankle_x,left_heel_x,right_heel_x,left_foot_index_x,right_foot_index_x,left_shoulder_y,right_shoulder_y,left_elbow_y,right_elbow_y,left_wrist_y,right_wrist_y,left_pinky_y,right_pinky_y,left_index_y,right_index_y,left_thumb_y,right_thumb_y,left_hip_y,right_hip_y,left_knee_y,right_knee_y,left_ankle_y,right_ankle_y,left_heel_y,right_heel_y,left_foot_index_y,right_foot_index_y
0.000,139.724,79.103,62.232,82.809,1112.966,1091.379,1187.628,1132.412,1100.299,1074.047,1075.693,1057.455,1071.334,1053.192,1077.882,1060.936,1144.83,1139.009,1084.246,1151.824,1116.129,1285.114,1136.42,1302.737,1053.519,1338.601,430.0,438.9,516.231,520.125,536.584,540.921,549.179,550.402,531.835,539.24,527.445,534.795,618.431,620.43,740.789,750.016,869.288,710.421,891.826,684.503,899.152,748.399
0.040,137.69,68.7,63.482,83.853,1112.752,1091.443,1180.697,1132.163,1088.783,1075.708,1067.071,1059.193,1064.888,1055.106,1071.416,1062.388,1145.276,1138.593,1091.44,1123.362,1135.189,1265.197,1158.619,1285.223,1075.849,1320.998,430.196,438.447,520.692,518.749,537.531,540.13,550.322,550.187,532.814,538.48,528.742,534.404,616.691,618.585,741.33,749.491,868.754,712.379,890.409,686.45,899.136,752.227
0.080,130.434,66.89,67.183,87.63,1113.826,1090.271,1173.046,1124.595,1083.866,1071.823,1062.776,1056.339,1059.779,1052.038,1066.862,1058.611,1147.735,1134.818,1099.107,1109.461,1166.494,1247.139,1194.15,1270.672,1104.639,1296.745,429.071,437.492,521.972,519.178,537.213,538.827,547.278,545.544,529.869,533.228,527.164,530.981,615.512,617.138,743.271,744.2,866.213,715.376,887.22,693.737,899.009,767.4
0.120,129.819,66.301,67.113,70.219,1110.803,1095.751,1156.484,1153.455,1072.762,1078.121,1050.82,1061.531,1047.167,1057.425,1054.841,1063.436,1150.638,1135.059,1114.124,1089.277,1195.552,1229.778,1224.514,1258.733,1141.349,1264.479,427.463,432.206,520.332,507.946,525.167,531.73,529.31,536.549,516.524,526.68,516.339,525.753,614.215,615.066,743.328,736.442,862.296,728.997,882.937,713.668,897.628,791.482
0.160,141.373,68.435,65.721,69.261,1106.249,1105.369,1141.547,1175.024,1059.592,1111.738,1036.427,1095.749,1035.968,1092.336,1043.15,1096.299,1151.075,1135.975,1143.743,1071.918,1226.442,1213.099,1251.395,1237.324,1173.605,1226.776,422.835,427.1,517.63,493.409,512.107,523.827,513.286,526.405,501.016,520.864,501.203,518.538,611.045,612.652,744.206,723.326,860.253,744.419,878.167,735.752,895.237,804.73
0.200,145.625,74.883,58.87,63.98,1098.987,1108.592,1129.917,1185.858,1050.153,1130.721,1026.467,1115.341,1028.402,1111.229,1035.641,1116.516,1150.823,1135.453,1162.513,1061.547,1250.242,1191.278,1279.568,1219.905,1199.999,1196.942,420.262,421.535,515.086,479.603,496.576,507.761,493.273,511.738,482.476,506.997,483.742,503.808,606.2,608.453,743.39,710.176,850.784,759.671,869.685,759.963,888.484,818.554
0.240,149.419,84.649,58.726,66.803,1095.087,1110.198,1121.999,1191.742,1045.76,1144.969,1022.906,1131.352,1025.788,1125.766,1032.41,1131.777,1150.706,1133.519,1182.18,1054.2,1274.22,1169.326,1302.414,1195.95,1235.238,1155.384,410.184,408.873,505.294,469.818,484.187,496.854,480.733,501.61,468.436,495.485,469.419,492.899,598.825,600.419,738.561,695.738,836.319,774.607,854.778,779.757,887.908,839.716
0.280,155.957,96.996,54.113,65.034,1088.53,1114.537,1116.316,1193.845,1039.615,1146.258,1015.78,1134.509,1021.739,1128.308,1028.582,1132.426,1149.927,1133.708,1197.648,1050.141,1292.295,1139.604,1322.288,1167.666,1265.398,1112.673,405.621,402.088,498.343,461.071,471.625,486.796,467.466,491.032,454.38,485.584,455.577,483.667,592.66,591.75,729.701,682.088,830.34,787.828,844.156,799.805,887.855,852.282
0.320,163.887,113.106,57.846,64.604,1084.093,1116.148,1103.817,1193.396,1033.557,1140.037,1010.109,1128.146,1016.202,1123.053,1023.228,1126.316,1146.742,1130.11,1211.124,1048.366,1306.004,1111.342,1333.657,1138.253,1285.729,1070.088,397.059,396.761,486.148,453.813,461.032,482.371,456.182,485.529,443.296,480.862,445.21,479.103,583.235,581.587,716.362,677.429,822.027,804.111,830.957,822.519,886.866,858.393
0.360,170.583,127.884,54.542,64.981,1087.406,1113.622,1101.848,1191.785,1035.911,1141.612,1012.956,1128.905,1018.032,1123.35,1024.335,1127.203,1145.851,1122.033,1221.521,1047.022,1314.555,1080.713,1336.322,1101.419,1306.401,1027.799,395.82,393.28,487.062,443.411,454.24,475.136,448.447,479.199,436.749,475.161,438.377,471.701,585.161,585.371,705.195,680.946,809.817,816.178,816.269,839.718,885.27,857.468
0.400,167.865,143.516,53.839,64.804,1082.699,1112.704,1095.626,1191.811,1037.448,1140.677,1016.551,1128.361,1020.661,1123.386,1027.183,1126.724,1140.742,1121.655,1223.313,1050.377,1328.722,1052.916,1355.611,1067.56,1331.922,993.727,392.598,391.344,479.842,439.035,449.255,473.163,442.855,477.554,433.507,474.179,435.145,471.919,582.456,583.621,697.833,683.688,793.665,826.098,795.381,852.649,870.875,849.244
0.440,160.945,158.8,55.148,63.533,1080.33,1110.38,1089.851,1189.937,1032.179,1140.499,1015.171,1128.286,1020.46,1122.886,1026.034,1126.108,1137.721,1121.749,1223.923,1054.662,1338.285,1028.018,1365.38,1034.296,1350.099,961.48,390.964,390.277,478.633,439.581,447.119,470.168,441.509,473.647,431.24,470.284,432.861,468.37,580.513,582.806,696.068,689.685,773.853,827.828,773.473,857.615,847.167,841.333
0.480,151.759,166.71,54.741,63.017,1075.984,1109.568,1090.457,1187.08,1035.518,1136.264,1016.976,1123.928,1022.277,1118.836,1028.426,1122.241,1132.433,1122.435,1219.084,1058.148,1346.019,1017.913,1372.758,1022.193,1368.86,953.156,390.475,391.733,477.262,443.219,450.714,471.881,444.574,471.449,435.735,467.717,437.545,466.213,576.472,580.159,695.719,691.726,756.957,826.161,749.821,858.223,827.811,832.759
0.520,141.295,169.042,60.108,61.843,1077.835,1107.908,1092.188,1185.613,1036.31,1134.881,1017.505,1122.223,1022.5,1117.433,1028.397,1120.832,1129.267,1121.633,1211.653,1058.886,1347.977,1015.921,1374.497,1020.17,1377.832,949.627,391.697,393.679,475.372,446.576,454.859,473.097,450.473,474.034,441.809,469.236,443.188,468.154,578.541,582.447,700.443,695.898,742.754,828.229,729.992,861.162,806.748,831.024
0.560,129.46,167.788,62.7,63.996,1077.519,1107.353,1092.861,1183.895,1028.536,1133.65,1009.101,1121.881,1015.388,1116.899,1020.829,1119.871,1129.118,1120.259,1205.832,1059.094,1344.291,1020.257,1365.331,1023.844,1388.61,954.791,392.836,393.814,478.073,449.117,458.288,475.999,452.544,475.485,443.624,471.105,444.119,470.735,580.49,583.615,706.162,698.336,725.768,835.103,707.613,866.255,780.081,830.232
0.600,116.218,160.992,71.72,64.921,1076.434,1104.257,1095.139,1178.173,1031.762,1133.502,1011.477,1120.811,1017.601,1115.756,1023.367,1119.714,1126.83,1120.62,1196.94,1059.265,1333.493,1034.134,1354.292,1040.124,1382.098,972.414,394.404,395.153,479.577,455.63,473.035,477.063,472.295,478.47,463.485,473.726,463.299,472.842,583.575,587.888,716.013,698.717,712.013,841.823,690.598,872.685,760.797,839.356
0.640,101.792,153.455,79.032,59.499,1074.219,1096.815,1102.098,1170.945,1032.883,1125.003,1012.701,1115.362,1017.904,1109.592,1024.528,1112.074,1121.44,1120.774,1177.705,1058.262,1324.512,1050.5,1336.649,1059.938,1367.125,989.527,396.005,399.151,480.209,467.227,489.138,481.217,493.274,479.613,482.685,475.004,481.74,473.444,587.099,590.814,731.481,700.949,706.919,847.398,683.247,876.243,749.627,861.323
0.680,90.635,147.238,81.41,48.872,1072.619,1086.334,1107.854,1162.81,1038.544,1099.696,1023.865,1090.701,1024.456,1085.125,1029.816,1085.642,1121.966,1115.766,1160.18,1055.007,1300.548,1063.319,1310.356,1088.447,1352.844,999.719,402.807,406.343,482.259,484.512,501.254,488.091,508.666,489.205,498.092,483.609,495.899,483.757,594.925,597.819,739.932,705.541,704.599,848.064,681.336,874.137,745.005,876.175
0.720,79.398,138.941,84.829,71.186,1073.68,1071.871,1118.743,1124.314,1053.431,1067.975,1035.211,1055.745,1032.526,1048.814,1037.41,1054.098,1122.672,1109.201,1134.587,1055.911,1272.123,1094.12,1287.475,1120.962,1331.156,1032.702,409.711,415.906,483.485,488.213,515.688,505.587,526.757,512.595,514.133,505.059,510.172,501.287,602.359,603.502,747.719,715.689,710.125,852.072,688.177,876.434,749.859,884.934
0.760,71.797,138.986,78.815,77.99,1074.337,1068.974,1131.892,1125.531,1062.58,1071.771,1042.864,1055.486,1039.901,1050.723,1045.535,1056.347,1122.49,1106.778,1112.155,1068.351,1246.553,1122.639,1264.887,1147.026,1307.3,1065.037,417.133,424.421,487.051,494.426,524.333,521.729,534.176,525.696,521.208,518.304,518.005,516.11,605.747,606.054,749.96,732.679,716.193,853.854,694.533,875.544,758.045,887.121
0.800,66.77,139.602,75.268,89.045,1074.793,1064.756,1141.059,1106.662,1067.572,1061.83,1045.926,1043.091,1041.352,1038.955,1047.989,1046.389,1122.27,1108.679,1088.426,1085.191,1232.558,1152.307,1251.141,1177.675,1274.053,1093.63,420.639,428.007,487.118,500.04,529.848,525.131,539.742,530.523,525.908,521.514,522.61,519.107,611.891,610.166,747.072,738.979,723.794,854.929,705.368,875.016,769.407,888.695
0.840,63.909,144.212,71.617,85.122,1075.798,1066.221,1149.353,1103.195,1077.587,1052.085,1057.2,1030.475,1050.219,1028.001,1056.5,1039.305,1122.55,1110.935,1070.841,1105.495,1212.42,1178.829,1234.728,1206.224,1241.456,1124.383,422.53,430.194,486.559,500.13,528.962,521.811,543.273,527.669,528.849,519.044,524.618,517.944,613.509,610.492,744.012,741.995,732.928,853.127,718.57,873.614,789.448,887.912
0.880,73.724,154.111,68.776,83.453,1078.494,1066.311,1156.069,1100.25,1083.813,1046.751,1065.124,1020.156,1059.111,1016.926,1063.963,1028.258,1122.703,1111.693,1063.281,1131.755,1191.39,1206.624,1214.701,1231.835,1202.28,1157.56,422.476,429.595,481.02,497.502,525.707,516.984,540.216,522.017,526.18,514.038,521.763,512.583,611.792,609.844,741.162,743.608,760.068,852.874,750.296,873.628,821.369,890.251
0.920,113.319,147.819,66.307,81.622,1079.824,1066.266,1162.29,1094.755,1089.745,1027.418,1070.043,1005.291,1064.739,1001.41,1068.414,1011.0,1122.109,1110.383,1094.043,1131.503,1191.492,1231.329,1207.963,1257.774,1174.33,1186.714,420.647,428.745,474.401,499.12,521.889,515.486,537.841,516.795,522.312,507.875,517.975,506.964,610.636,610.403,736.134,737.955,806.74,850.458,797.717,871.673,858.012,885.084
0.960,86.535,156.589,64.696,74.488,1082.821,1063.312,1167.548,1091.493,1094.691,1022.739,1074.533,1001.188,1068.943,997.981,1072.78,1007.165,1118.278,1110.967,1034.432,1152.839,1146.831,1250.282,1170.364,1275.099,1132.67,1213.973,419.673,428.177,468.334,499.007,519.019,506.457,533.26,503.772,518.652,493.536,514.832,494.053,609.785,609.57,720.06,736.042,795.254,845.297,796.479,859.54,858.144,886.14
1.000,95.097,163.843,66.373,67.623,1084.333,1057.699,1169.316,1079.676,1097.779,1017.224,1079.051,997.662,1073.573,995.055,1077.316,1003.293,1114.341,1111.335,1025.775,1171.192,1121.635,1267.228,1147.835,1295.655,1086.51,1242.268,417.169,427.98,463.659,501.882,518.932,495.521,530.627,492.356,516.214,481.901,512.713,482.529,606.746,605.767,711.321,728.447,808.389,834.488,818.175,844.199,867.162,885.364
1.040,111.284,168.447,64.709,64.643,1085.006,1053.493,1169.964,1071.305,1097.785,1011.622,1080.9,994.056,1074.532,992.329,1077.755,999.882,1109.419,1111.221,1025.469,1182.638,1093.046,1279.324,1120.216,1310.69,1044.437,1268.913,414.886,429.558,461.457,501.307,513.858,489.256,529.723,486.447,516.062,477.313,512.025,477.93,602.965,602.33,708.531,718.849,824.531,822.321,840.675,831.075,874.942,884.113
1.080,127.395,167.308,65.571,61.299,1085.485,1053.576,1169.536,1075.945,1100.956,1014.191,1083.11,996.924,1077.016,995.249,1080.763,1002.538,1104.799,1111.117,1026.059,1185.652,1065.662,1289.113,1085.392,1316.316,1006.805,1289.231,413.216,429.848,459.453,499.943,510.675,487.937,528.06,485.617,514.827,476.484,510.214,477.242,599.7,599.652,709.164,711.25,839.699,809.667,861.995,812.08,876.089,876.961
1.120,141.823,160.099,64.657,59.722,1084.531,1054.748,1168.041,1080.699,1098.637,1018.249,1079.362,999.866,1074.909,997.706,1079.409,1005.835,1102.221,1111.134,1027.926,1186.245,1038.97,1304.145,1052.101,1332.357,971.144,1311.607,413.437,429.3,461.333,500.977,509.608,489.544,526.434,488.034,510.958,478.899,506.462,479.541,599.824,599.77,710.775,709.804,855.301,794.775,881.034,792.636,869.266,863.222
1.160,155.362,151.164,64.048,58.621,1083.956,1054.888,1166.873,1085.483,1098.062,1024.298,1077.218,1005.567,1073.682,1002.783,1079.013,1011.304,1102.834,1110.129,1034.293,1183.096,1019.104,1311.362,1025.201,1338.199,947.398,1332.679,415.249,429.076,462.534,497.622,509.566,489.756,525.875,488.16,510.807,480.358,506.292,482.315,600.114,600.037,716.527,711.394,864.767,779.392,895.523,773.531,864.039,845.217
1.200,164.328,139.533,62.942,62.461,1083.401,1055.288,1165.229,1084.392,1096.046,1022.093,1075.687,1001.945,1072.031,1000.333,1077.152,1008.301,1102.959,1108.403,1038.732,1176.88,1008.933,1313.949,1012.87,1338.276,937.198,1346.021,418.497,430.329,468.953,503.732,510.99,497.281,526.752,499.296,510.931,491.778,506.57,491.123,602.753,602.687,726.424,714.811,869.4,759.663,901.641,748.909,861.797,822.928
1.240,167.254,128.808,59.413,71.639,1082.228,1056.095,1164.448,1082.609,1095.182,1015.504,1073.83,999.266,1071.911,997.299,1076.645,1004.462,1103.45,1106.496,1041.132,1171.746,1007.425,1310.633,1011.166,1333.67,936.773,1350.206,428.328,437.064,482.813,508.735,516.419,511.008,531.753,514.876,514.558,506.48,509.8,504.991,607.61,607.439,733.909,722.853,874.128,745.661,905.898,731.481,863.644,804.358
1.280,163.602,118.077,60.802,76.122,1081.86,1055.671,1162.171,1084.452,1089.812,1018.271,1069.377,1001.986,1067.228,1000.069,1070.693,1007.502,1102.58,1104.671,1041.933,1169.473,1019.167,1299.205,1024.685,1319.489,950.372,1343.624,435.912,445.331,494.948,514.868,527.897,524.884,540.721,531.052,523.687,521.495,519.004,518.649,616.637,616.407,741.642,736.495,877.938,735.872,908.072,715.166,875.684,784.556
1.320,156.479,104.142,62.185,73.183,1080.395,1056.002,1156.155,1098.95,1082.214,1039.188,1060.171,1019.162,1055.984,1016.358,1061.142,1024.993,1102.851,1104.547,1042.865,1157.383,1037.045,1290.472,1048.422,1309.471,970.217,1334.016,445.011,452.69,510.029,519.108,539.227,536.325,551.606,544.33,535.28,534.8,531.141,531.125,623.456,624.291,746.429,750.064,880.683,729.828,908.715,708.182,896.951,770.516
1.360,153.131,90.757,61.539,73.175,1078.567,1056.081,1151.23,1107.705,1072.682,1047.791,1048.569,1025.818,1044.894,1023.828,1051.136,1032.2,1101.87,1104.762,1042.33,1137.494,1044.173,1271.8,1063.402,1283.574,989.057,1315.466,455.81,456.972,523.478,523.388,549.879,546.426,560.863,554.956,548.239,546.744,544.792,542.002,629.974,629.157,751.703,761.272,882.971,729.875,907.439,708.511,911.035,769.9
1.400,141.443,79.062,63.233,80.012,1076.73,1054.195,1143.419,1104.949,1060.999,1054.479,1037.51,1034.146,1036.282,1030.869,1043.057,1038.287,1102.302,1102.232,1046.568,1110.873,1078.576,1246.808,1103.105,1262.748,1019.699,1306.771,463.078,467.377,536.803,539.534,559.45,563.212,568.755,569.891,555.652,559.826,551.909,556.251,638.837,637.667,761.958,768.72,888.433,733.032,908.306,711.254,917.542,775.931
1.440,134.949,70.63,64.126,81.472,1074.421,1053.809,1135.279,1101.131,1053.909,1050.909,1032.897,1032.669,1030.711,1029.07,1037.75,1036.12,1103.153,1101.11,1057.355,1081.707,1112.106,1223.97,1134.951,1240.946,1054.671,1279.008,468.914,471.18,548.67,545.949,565.182,568.101,576.513,577.671,560.976,564.625,556.315,560.447,646.242,643.106,773.464,767.838,889.539,741.399,906.869,721.396,921.85,787.305
1.480,130.412,67.898,66.777,74.158,1069.326,1053.96,1121.69,1107.265,1044.202,1048.198,1022.344,1029.815,1019.72,1026.531,1028.883,1034.068,1106.426,1101.173,1068.004,1073.905,1142.717,1208.195,1169.607,1227.26,1083.911,1251.349,470.377,472.559,551.693,548.32,564.738,568.991,572.811,573.606,558.231,563.866,555.73,562.354,646.894,645.856,778.192,769.238,892.035,746.429,909.273,725.264,924.342,798.263
1.520,132.961,65.482,67.893,73.352,1068.182,1054.301,1108.473,1106.55,1032.688,1051.423,1010.442,1040.331,1008.673,1031.188,1018.204,1036.071,1114.912,1101.065,1090.995,1051.379,1172.601,1190.631,1199.139,1213.332,1120.59,1221.285,470.511,475.091,554.528,543.592,559.18,564.409,566.131,571.535,552.224,565.694,550.979,562.872,648.473,649.599,783.678,772.296,891.944,766.283,908.279,751.877,925.539,824.106
1.560,140.607,74.75,68.035,63.657,1065.608,1062.812,1098.403,1140.435,1022.857,1094.142,1000.261,1084.763,1001.529,1077.973,1009.609,1077.809,1117.599,1099.967,1115.578,1037.672,1201.334,1154.893,1224.547,1179.684,1151.744,1168.463,470.122,472.534,556.333,541.266,554.832,560.095,560.825,564.194,550.987,557.545,547.47,555.67,648.548,649.59,786.598,765.925,894.199,792.81,910.198,786.177,927.505,838.349
1.600,146.748,78.975,68.349,69.153,1062.327,1074.293,1089.967,1153.717,1014.834,1112.903,995.289,1098.618,995.219,1094.357,1003.09,1098.868,1117.405,1100.262,1134.462,1029.068,1225.751,1154.036,1252.208,1181.511,1177.229,1151.529,468.625,469.255,554.343,525.753,549.38,553.0,543.848,551.926,533.956,553.738,537.352,552.026,649.427,649.72,783.084,756.58,889.877,808.722,906.338,814.283,927.709,867.238
1.640,154.167,89.632,63.631,72.24,1060.499,1078.747,1081.709,1155.624,1009.055,1122.22,988.516,1111.073,990.618,1106.487,997.374,1111.143,1117.173,1098.953,1153.175,1026.042,1247.027,1132.231,1270.166,1157.844,1218.228,1118.92,466.598,468.54,552.629,515.046,536.496,544.154,530.151,545.178,518.944,548.434,521.431,546.421,646.878,647.129,778.223,746.888,885.573,823.457,896.768,828.484,927.248,888.824
1.680,160.058,101.549,58.238,69.227,1058.729,1081.371,1076.199,1156.417,1004.102,1125.53,983.944,1117.12,987.65,1111.775,994.45,1115.379,1116.549,1098.562,1170.907,1022.781,1265.778,1107.913,1292.968,1133.461,1242.759,1072.798,465.177,466.352,550.685,508.933,524.137,534.536,517.718,538.04,505.894,538.475,508.165,536.426,645.85,646.096,775.639,739.639,878.567,843.134,885.941,855.792,928.893,900.776
1.720,165.515,116.795,55.258,71.458,1057.565,1082.298,1075.183,1157.42,1005.988,1128.682,986.182,1119.247,989.36,1114.841,995.399,1118.39,1116.439,1094.796,1184.745,1022.561,1277.561,1080.741,1301.336,1107.648,1268.295,1036.981,463.716,460.267,547.391,503.713,518.23,529.063,513.795,534.78,501.983,534.318,503.381,531.823,645.25,644.848,769.533,738.663,868.103,860.041,873.902,876.667,929.172,911.091
1.760,167.96,132.879,54.685,70.72,1057.518,1081.565,1072.44,1154.795,1005.204,1122.084,986.705,1112.383,991.102,1106.001,996.99,1110.987,1116.043,1094.991,1194.231,1025.662,1291.699,1051.848,1314.235,1070.809,1291.988,998.893,459.399,456.248,545.945,502.116,513.829,528.284,508.219,533.512,496.019,532.35,497.889,529.727,643.17,644.528,759.083,739.855,853.072,873.41,856.614,895.56,925.974,908.978
1.800,164.687,147.446,53.662,63.701,1056.68,1080.816,1068.734,1161.893,1008.305,1121.627,990.849,1111.905,994.641,1105.44,1000.616,1109.771,1115.269,1095.41,1198.492,1031.071,1303.494,1029.6,1327.248,1042.277,1313.331,967.837,457.491,453.783,545.167,499.749,512.344,527.062,507.818,531.476,497.013,529.832,498.049,527.366,638.23,641.736,753.645,740.27,838.348,883.446,836.67,910.517,911.489,899.973
1.840,157.639,157.383,52.622,65.442,1056.18,1082.529,1072.422,1159.435,1011.183,1119.484,994.019,1108.198,997.006,1102.357,1003.147,1106.219,1111.194,1102.755,1198.441,1036.162,1314.976,1011.05,1342.576,1016.074,1336.229,945.861,455.844,453.936,544.615,501.967,513.399,528.365,510.237,532.757,500.065,530.335,500.904,528.0,637.125,641.388,752.305,745.274,820.937,887.063,815.118,917.989,891.016,889.886
1.880,148.631,165.512,53.992,69.03,1056.87,1084.361,1074.667,1158.294,1013.364,1119.997,994.798,1106.155,998.827,1100.127,1005.196,1105.127,1110.077,1103.098,1195.017,1039.225,1320.747,1003.779,1343.163,1007.323,1350.234,939.543,455.478,454.853,544.053,502.663,515.925,530.632,513.746,532.93,502.874,531.121,503.423,529.587,637.349,642.284,752.547,755.534,803.928,888.421,794.752,919.63,866.909,887.528
1.920,136.039,167.943,60.359,73.308,1057.318,1083.14,1072.511,1156.812,1016.66,1116.323,997.502,1103.318,1002.485,1097.247,1011.179,1102.349,1109.838,1104.899,1186.791,1040.976,1322.388,1001.137,1343.876,1004.532,1370.288,939.296,455.385,458.51,538.139,510.893,518.648,542.406,516.345,544.293,508.732,539.892,510.531,538.598,639.848,646.332,759.98,761.152,792.274,891.064,774.791,921.272,846.178,884.476
1.960,122.116,163.983,69.898,73.259,1057.638,1082.409,1074.31,1155.251,1017.906,1114.077,999.088,1100.605,1004.046,1096.12,1011.902,1099.971,1109.866,1105.493,1180.087,1041.915,1316.338,1011.107,1334.139,1015.578,1368.115,950.387,457.414,463.248,541.074,525.334,532.311,551.886,529.937,550.099,522.934,545.86,524.442,545.594,643.247,648.684,772.484,764.453,781.053,900.524,759.676,931.906,823.595,887.708
2.000,107.845,157.328,69.072,69.95,1059.809,1078.066,1094.331,1154.396,1024.499,1113.124,1005.394,1099.496,1008.994,1095.35,1015.098,1098.9,1110.32,1104.827,1175.105,1042.576,1305.219,1027.596,1322.737,1035.874,1358.963,966.408,464.099,468.228,545.326,533.27,547.884,556.635,549.603,556.153,538.93,551.395,538.428,550.886,650.496,654.422,784.763,767.377,766.679,905.55,744.285,933.758,804.725,906.991
2.040,96.668,155.466,73.191,62.857,1060.236,1075.18,1101.115,1151.849,1035.455,1101.408,1014.222,1091.714,1014.213,1081.009,1019.924,1084.215,1109.901,1104.728,1159.362,1042.199,1303.564,1029.36,1310.586,1052.373,1339.75,984.997,468.432,476.655,546.022,552.521,558.754,569.064,566.139,572.946,554.577,565.27,552.375,561.574,657.04,659.891,795.457,768.311,762.178,903.159,740.067,931.108,798.831,923.539
2.080,86.372,142.382,72.816,92.516,1064.365,1063.681,1116.943,1120.162,1047.125,1081.711,1026.911,1071.688,1024.925,1065.474,1030.976,1065.611,1110.573,1100.729,1140.265,1041.599,1276.985,1061.241,1284.302,1091.115,1326.507,1004.917,474.738,484.183,550.538,557.234,572.636,589.757,580.09,598.447,568.381,593.867,565.96,585.298,663.913,666.132,802.601,771.884,764.14,904.793,744.261,930.134,799.087,931.751
2.120,78.664,138.865,72.839,94.173,1067.895,1061.906,1126.589,1107.033,1052.533,1066.477,1036.34,1052.481,1031.747,1045.823,1036.433,1048.482,1112.127,1099.95,1118.038,1053.817,1251.444,1097.423,1264.882,1118.178,1305.464,1041.045,482.447,487.908,558.563,561.52,586.214,590.646,594.63,594.453,583.03,587.126,580.248,583.846,665.213,666.801,804.248,782.157,771.553,906.419,751.5,928.008,809.46,935.027
2.160,72.226,137.301,72.562,88.634,1072.914,1061.559,1136.455,1101.498,1062.193,1056.007,1043.21,1039.523,1037.889,1035.234,1043.547,1041.063,1113.343,1100.183,1097.369,1067.659,1228.783,1127.586,1247.305,1153.362,1285.101,1074.569,485.991,492.633,555.704,562.81,590.191,587.283,599.642,593.597,587.021,584.677,583.333,581.377,669.162,668.636,804.404,790.766,778.769,904.49,758.825,925.818,819.51,935.659
2.200,68.683,139.329,72.003,88.895,1077.171,1062.561,1143.646,1099.854,1071.991,1054.162,1050.985,1034.571,1044.364,1030.283,1050.734,1038.328,1114.966,1109.516,1080.689,1089.681,1217.88,1158.356,1237.072,1184.145,1254.888,1106.507,486.325,493.232,554.304,565.196,589.815,587.767,600.895,594.046,586.836,584.423,583.094,581.822,668.372,667.188,799.778,793.902,783.668,904.772,759.698,925.419,831.026,935.537
2.240,70.224,143.499,71.07,80.239,1085.566,1063.417,1154.862,1095.881,1085.327,1036.983,1065.465,1018.29,1059.506,1012.534,1064.016,1022.544,1120.453,1116.431,1068.362,1111.77,1205.525,1186.65,1228.13,1212.65,1228.635,1139.963,486.253,494.164,549.659,567.963,587.59,582.63,600.399,587.993,586.082,580.455,581.88,576.886,666.944,666.303,794.485,793.579,800.331,902.923,787.44,923.447,862.666,936.028
2.280,80.536,150.636,70.815,75.828,1090.078,1063.713,1159.725,1095.398,1089.589,1027.683,1072.833,1008.8,1067.715,1005.33,1071.087,1013.765,1122.345,1117.186,1056.865,1131.974,1174.847,1213.076,1196.638,1239.299,1186.761,1169.168,483.77,491.786,542.365,564.1,584.076,575.418,597.219,572.904,582.958,564.399,579.034,565.264,664.781,665.989,781.731,790.136,824.161,901.118,820.703,922.043,874.653,934.893
2.320,84.132,153.691,67.069,69.912,1092.772,1064.011,1169.044,1093.023,1098.806,1024.903,1081.637,1007.98,1075.818,1004.967,1079.021,1012.133,1122.865,1119.187,1046.613,1149.003,1163.932,1241.978,1189.219,1264.582,1153.436,1198.181,482.982,490.092,533.551,562.011,580.084,564.248,591.764,559.241,577.665,550.164,574.391,551.427,663.187,665.781,768.334,787.019,836.291,897.33,841.678,909.456,903.307,933.87
2.360,94.476,161.004,65.769,61.52,1095.01,1064.405,1178.34,1090.155,1106.361,1023.069,1087.646,1007.063,1082.046,1004.546,1085.406,1011.712,1122.061,1118.879,1042.167,1168.327,1142.028,1257.944,1165.341,1284.593,1115.142,1228.972,475.64,489.924,525.687,560.993,575.677,550.891,589.495,546.941,575.015,539.384,572.335,540.34,656.716,658.777,762.192,781.599,850.911,884.962,859.054,896.437,912.469,933.301
2.400,108.152,164.072,64.682,57.472,1098.773,1064.545,1180.902,1089.556,1108.542,1023.418,1091.007,1007.571,1084.389,1006.039,1087.318,1012.832,1121.893,1118.829,1042.082,1181.739,1117.146,1275.124,1142.823,1304.105,1076.095,1257.644,470.673,487.615,519.643,556.033,568.223,541.434,587.282,538.977,573.376,532.3,568.542,532.732,651.508,652.671,758.509,774.27,865.199,873.426,879.081,881.341,919.156,931.542
2.440,123.414,166.383,62.363,57.651,1100.974,1066.793,1185.248,1091.194,1115.925,1024.827,1096.036,1009.094,1091.082,1006.571,1094.935,1013.842,1120.943,1121.591,1043.086,1191.446,1091.238,1286.93,1114.349,1313.703,1039.16,1285.481,467.611,486.354,514.588,550.762,559.996,537.139,576.95,534.277,564.548,526.988,559.25,527.615,646.402,647.036,755.993,762.544,880.168,858.761,900.133,861.794,918.546,931.333
2.480,139.837,161.858,63.475,66.239,1104.017,1072.052,1184.907,1092.144,1122.312,1026.138,1100.606,1011.679,1095.781,1008.594,1100.573,1015.234,1120.589,1122.256,1047.607,1194.162,1064.829,1304.329,1080.774,1331.88,1003.975,1311.434,465.867,482.987,509.02,541.591,553.498,536.004,569.796,533.264,555.477,526.653,550.17,527.34,644.06,644.719,756.963,755.084,891.706,843.575,917.293,843.614,912.561,914.457
2.520,153.748,154.6,60.097,69.678,1104.558,1075.902,1188.75,1092.344,1122.318,1028.129,1101.871,1013.745,1096.884,1010.52,1100.965,1017.18,1120.355,1123.907,1054.067,1195.401,1044.568,1314.558,1053.581,1342.798,979.494,1333.922,466.06,480.066,507.416,540.377,552.117,534.677,567.297,531.805,552.901,523.503,547.963,524.638,644.291,645.16,758.238,752.089,896.254,823.213,924.625,820.273,904.211,895.01
2.560,161.452,146.203,62.104,70.823,1106.811,1075.739,1188.309,1093.56,1124.796,1030.528,1105.487,1015.868,1100.736,1012.394,1104.462,1018.827,1120.915,1123.351,1057.248,1195.376,1031.786,1324.612,1036.089,1350.539,963.752,1352.241,466.438,478.948,510.42,541.219,552.858,537.687,566.823,535.781,552.53,526.973,548.218,527.75,644.737,645.41,759.034,754.556,895.457,808.836,924.943,799.687,902.589,873.518
2.600,161.945,137.364,63.445,68.837,1108.303,1075.362,1187.15,1093.957,1124.552,1031.315,1105.713,1016.754,1100.003,1015.821,1103.988,1022.085,1122.224,1122.915,1057.795,1191.231,1030.523,1326.129,1034.325,1346.937,962.148,1364.603,466.652,479.722,512.84,549.146,553.622,542.376,567.552,537.277,553.011,527.674,548.393,529.368,646.038,647.986,760.27,754.908,895.902,790.518,925.885,774.401,900.004,845.058
2.640,158.821,122.108,60.871,69.56,1108.866,1080.771,1188.591,1104.322,1122.968,1040.027,1102.68,1023.695,1098.556,1021.502,1102.601,1028.58,1123.742,1123.133,1059.252,1184.66,1039.025,1319.157,1044.926,1335.892,974.502,1367.336,471.317,482.342,520.32,549.014,557.136,547.91,570.253,546.452,554.61,538.103,550.054,539.044,648.398,651.545,762.242,763.843,900.018,771.809,930.578,755.747,897.97,819.755
2.680,153.271,111.731,59.646,67.326,1111.358,1085.245,1190.631,1115.464,1121.034,1045.368,1100.332,1028.032,1096.86,1025.72,1101.116,1033.916,1124.521,1124.283,1059.904,1181.077,1053.016,1306.414,1062.524,1323.746,989.258,1353.144,478.689,487.038,532.677,555.652,565.707,556.992,577.414,560.667,561.634,553.271,556.597,551.646,653.232,655.74,767.099,772.067,905.681,762.66,934.442,745.541,906.804,801.242
2.720,154.511,99.448,59.541,64.204,1112.111,1090.814,1188.803,1131.09,1119.188,1054.823,1099.201,1033.964,1095.056,1033.072,1099.198,1045.409,1126.336,1126.559,1063.393,1168.397,1056.534,1297.804,1077.735,1320.607,1010.109,1338.932,485.576,492.862,551.147,560.074,575.132,566.93,585.829,571.405,570.091,564.236,565.444,562.087,660.086,661.818,775.91,779.385,905.42,756.239,930.308,736.7,921.501,789.365
2.760,140.112,88.041,62.6,68.74,1114.053,1092.687,1187.417,1138.768,1117.141,1072.472,1094.703,1051.04,1092.275,1047.819,1098.263,1059.972,1129.194,1128.568,1068.241,1153.867,1095.597,1278.682,1115.347,1293.361,1039.293,1327.125,489.899,496.716,562.748,566.68,585.314,580.905,594.411,586.541,579.757,577.747,576.317,574.817,661.784,662.046,779.682,785.454,902.569,755.386,925.36,733.183,928.397,787.855
2.800,70.776,140.604,65.237,72.865,1112.902,1092.808,1180.628,1137.072,1106.644,1083.454,1081.365,1062.047,1079.957,1059.92,1087.341,1069.579,1137.85,1127.89,1115.949,1092.208,1248.379,1134.913,1260.466,1157.349,1303.33,1087.747,493.693,501.496,571.207,571.707,592.955,586.168,600.632,592.97,585.072,583.1,582.22,580.107,663.997,666.041,786.506,784.365,765.322,886.882,739.433,907.407,803.661,920.835
2.840,129.543,72.358,64.641,78.757,1113.274,1093.087,1170.672,1130.794,1092.107,1082.047,1071.107,1064.754,1068.329,1060.849,1075.217,1067.771,1141.236,1130.876,1107.262,1101.599,1171.837,1211.733,1190.526,1232.539,1143.913,1180.431,497.211,503.798,578.533,577.187,592.182,591.12,600.865,598.933,586.73,586.658,583.558,583.97,664.555,666.137,789.773,782.432,881.052,775.673,893.497,759.344,916.318,826.741
2.880,131.711,68.646,67.874,70.034,1114.762,1093.014,1161.861,1120.8,1086.336,1078.651,1068.551,1063.419,1064.532,1059.097,1070.495,1064.869,1151.418,1131.72,1119.196,1094.504,1189.966,1221.224,1213.909,1243.784,1139.342,1234.829,495.456,501.838,577.912,591.615,588.002,589.576,597.729,592.809,582.822,584.127,580.13,583.472,663.981,667.079,791.499,783.67,895.993,775.584,913.504,759.824,927.574,831.636
2.920,138.578,67.62,68.516,65.155,1114.037,1103.454,1153.46,1151.362,1074.787,1094.463,1054.773,1079.428,1051.408,1072.484,1058.56,1075.62,1153.302,1133.748,1141.233,1082.272,1217.328,1210.948,1242.833,1233.265,1168.764,1229.64,494.031,500.927,578.457,576.934,583.333,584.303,581.909,587.237,571.65,578.63,573.792,577.482,665.068,668.07,792.707,777.817,897.365,783.995,915.547,771.929,927.122,834.352
2.960,143.523,71.81,66.926,61.591,1110.115,1114.67,1137.169,1178.649,1066.743,1126.682,1046.356,1112.912,1046.446,1109.755,1053.29,1113.483,1153.243,1136.025,1160.255,1070.417,1245.583,1193.833,1270.248,1215.461,1197.797,1201.879,493.038,494.164,576.023,555.827,569.84,572.359,563.9,570.789,554.308,568.574,556.809,568.792,665.195,667.2,790.508,762.116,893.359,798.586,909.949,790.017,924.97,847.246
3.000,150.554,77.579,59.46,70.507,1107.442,1119.141,1126.774,1186.001,1059.507,1150.992,1040.221,1136.064,1042.403,1132.054,1049.064,1138.264,1155.802,1137.292,1181.484,1064.134,1270.213,1176.203,1292.365,1199.175,1226.142,1169.989,489.617,485.305,573.711,540.193,552.381,561.331,547.973,560.455,538.931,556.64,541.0,554.538,664.523,665.247,789.931,751.186,891.932,810.739,908.982,813.092,924.427,870.891
3.040,156.096,91.458,52.293,62.807,1105.525,1123.213,1125.449,1198.571,1055.22,1155.395,1037.478,1144.152,1040.411,1139.126,1046.674,1144.303,1158.524,1137.814,1201.661,1063.754,1287.277,1155.134,1311.494,1179.744,1263.196,1131.604,486.413,479.27,571.109,522.947,539.15,550.676,534.052,553.223,526.143,549.949,528.059,547.997,661.407,660.443,786.679,738.441,878.798,829.74,890.807,839.696,923.05,887.84
3.080,165.454,105.534,54.071,63.286,1104.293,1125.562,1123.899,1200.913,1056.118,1154.194,1038.724,1142.576,1042.725,1137.079,1048.397,1141.469,1159.17,1137.449,1219.836,1064.358,1304.625,1132.984,1327.522,1156.445,1283.846,1093.427,476.188,472.457,560.115,516.971,531.65,546.979,526.598,551.096,518.904,546.343,520.635,544.379,656.356,654.23,772.605,733.617,866.427,844.17,876.131,858.758,921.422,892.977
3.120,170.243,123.441,51.849,58.702,1103.022,1128.76,1124.091,1204.594,1059.33,1158.452,1041.382,1146.433,1045.347,1140.844,1051.142,1145.211,1160.999,1137.401,1232.073,1068.045,1317.773,1106.03,1341.22,1126.138,1310.216,1059.338,470.318,468.658,554.131,511.723,525.243,537.416,520.983,540.882,512.209,537.842,513.589,536.127,648.484,648.111,760.044,732.348,854.364,855.874,860.466,878.885,920.721,892.338
3.160,170.401,140.252,51.734,54.908,1103.248,1129.39,1123.453,1205.562,1061.707,1157.938,1044.472,1146.265,1047.565,1141.082,1053.27,1145.796,1161.86,1138.214,1240.255,1073.467,1332.624,1081.819,1355.657,1094.847,1336.008,1023.72,466.788,466.265,548.99,505.649,520.907,530.512,516.331,534.704,507.567,531.711,509.257,529.813,645.727,646.63,752.691,735.572,842.401,864.923,844.714,891.634,911.368,886.905
3.200,161.553,149.568,56.061,62.359,1103.808,1129.623,1125.383,1204.624,1063.78,1163.333,1045.576,1152.391,1051.723,1147.504,1055.846,1151.162,1160.797,1150.661,1241.545,1076.547,1346.985,1062.058,1374.097,1068.642,1360.566,998.202,464.214,464.99,541.877,505.97,521.368,533.514,517.382,538.936,508.732,535.787,510.125,533.655,637.176,640.286,747.766,739.381,822.748,869.353,820.96,898.805,889.688,878.429
3.240,152.123,157.034,54.473,66.552,1104.375,1133.165,1127.127,1206.686,1065.131,1170.505,1047.229,1161.995,1056.631,1157.018,1062.626,1160.215,1160.032,1161.817,1239.946,1083.583,1354.495,1049.773,1381.421,1052.092,1375.978,990.788,464.668,464.549,542.01,508.181,520.501,534.339,516.823,539.386,509.012,535.993,510.744,533.818,637.936,641.702,748.887,740.765,805.649,864.068,799.612,894.875,866.64,860.932
3.280,142.184,165.698,58.619,63.276,1107.07,1135.117,1128.586,1209.503,1065.998,1168.8,1048.142,1156.864,1058.35,1151.307,1063.648,1155.236,1159.616,1157.678,1239.412,1091.332,1362.477,1049.335,1386.15,1048.99,1393.817,991.174,462.201,464.419,541.354,512.463,523.202,536.362,520.016,539.525,511.926,535.795,513.212,534.29,636.614,641.442,750.027,741.996,787.778,863.176,777.064,895.075,845.679,855.047
3.320,131.497,165.374,60.086,64.763,1109.677,1135.205,1129.044,1207.196,1072.78,1168.676,1058.213,1160.366,1066.405,1150.136,1072.056,1153.861,1161.175,1155.522,1232.167,1094.67,1360.833,1056.979,1381.694,1057.62,1402.76,997.276,462.977,465.837,541.802,514.878,525.552,537.568,522.051,541.1,513.273,537.183,514.903,535.656,638.673,642.7,752.623,742.661,774.325,868.258,754.914,899.759,822.982,857.691
3.360,116.238,159.547,65.632,57.067,1114.277,1133.589,1138.296,1205.143,1084.861,1163.132,1065.05,1152.257,1071.03,1144.555,1077.316,1148.692,1163.112,1155.627,1224.501,1096.147,1351.074,1071.665,1365.87,1075.358,1401.291,1009.262,464.169,466.761,542.713,525.023,535.807,538.603,533.809,540.602,523.854,536.133,524.752,535.31,638.969,643.474,758.203,742.957,755.984,876.054,737.666,905.301,799.375,863.933
3.400,104.052,156.435,73.476,57.498,1117.521,1132.924,1150.941,1204.884,1091.216,1160.261,1071.371,1148.784,1074.894,1141.734,1081.128,1146.499,1164.401,1155.096,1222.031,1096.031,1339.299,1079.735,1355.73,1079.673,1392.703,1029.252,464.304,468.752,543.353,536.266,550.045,547.66,552.843,545.101,542.868,539.513,542.389,539.928,641.522,646.018,769.391,746.132,748.273,879.326,730.046,905.746,781.744,887.363
3.440,92.043,145.199,74.434,59.269,1121.536,1132.708,1164.022,1198.735,1103.828,1159.956,1084.923,1147.132,1085.608,1140.402,1091.363,1146.136,1165.569,1154.263,1206.489,1095.708,1334.072,1105.222,1342.481,1123.544,1381.059,1048.901,469.527,474.03,543.623,544.555,558.926,553.068,564.826,551.247,555.033,547.832,553.091,548.467,647.447,649.251,777.846,748.439,742.755,876.58,719.874,900.987,772.075,898.672
3.480,80.323,133.942,78.387,120.424,1126.481,1124.121,1172.86,1157.512,1108.817,1135.116,1092.425,1119.311,1091.618,1113.161,1096.783,1114.805,1166.255,1152.455,1185.154,1097.298,1308.765,1135.125,1316.339,1152.436,1367.467,1081.943,474.375,480.473,545.541,547.595,570.742,581.915,578.45,585.484,569.987,580.373,567.348,573.527,651.745,651.801,780.981,750.554,740.824,875.274,716.158,897.788,768.729,900.512
3.520,71.678,136.757,78.444,103.692,1129.062,1121.828,1180.33,1157.364,1116.433,1122.265,1098.578,1108.336,1096.366,1102.638,1101.999,1107.546,1169.097,1152.312,1165.242,1113.154,1287.082,1161.638,1299.876,1185.474,1346.795,1112.124,476.092,482.531,545.752,548.303,575.272,579.988,584.542,585.944,573.334,578.21,569.941,575.314,652.642,652.374,781.37,756.428,745.032,872.789,720.367,895.292,779.331,901.115
3.560,63.336,137.784,74.323,91.591,1132.532,1122.126,1192.629,1161.061,1125.236,1117.748,1106.226,1102.824,1100.185,1096.912,1105.961,1103.557,1170.401,1160.89,1139.823,1132.67,1268.746,1190.989,1290.817,1213.774,1275.51,1143.969,476.26,483.878,543.014,549.024,576.349,576.57,585.129,581.081,573.772,574.241,571.642,573.329,652.364,652.306,780.612,759.302,750.246,871.616,730.538,894.828,794.312,899.763
3.600,65.356,141.111,72.93,83.843,1138.524,1122.328,1202.473,1159.222,1136.848,1104.601,1117.333,1087.126,1112.122,1084.467,1117.026,1093.125,1173.805,1169.009,1129.787,1153.073,1256.73,1219.811,1279.23,1245.05,1286.853,1171.947,476.122,483.267,534.897,548.787,573.313,572.228,585.201,575.933,571.283,570.005,568.295,568.558,648.057,646.272,765.332,759.297,756.297,870.969,739.427,894.01,799.242,898.392
3.640,65.045,152.395,71.67,75.604,1143.76,1123.868,1211.841,1155.51,1143.718,1094.102,1127.428,1075.493,1121.703,1073.064,1125.615,1080.766,1174.912,1172.68,1116.638,1180.934,1247.766,1248.125,1266.969,1271.044,1262.258,1198.207,471.201,483.13,524.651,547.543,569.799,560.334,579.938,560.076,567.461,552.324,564.533,552.935,639.88,640.189,751.244,759.655,757.352,869.057,751.133,891.407,824.393,897.912
3.680,73.378,151.019,73.087,70.811,1145.433,1125.715,1217.115,1150.368,1153.013,1088.459,1136.204,1069.662,1131.242,1067.313,1134.355,1074.723,1175.097,1176.528,1106.442,1192.688,1230.582,1271.386,1250.366,1295.266,1229.608,1227.812,461.531,474.319,514.233,541.212,562.123,542.338,578.416,542.323,564.681,534.243,558.92,533.421,636.859,636.165,738.754,754.174,777.536,859.454,776.196,876.442,834.604,893.397
3.720,148.614,91.196,69.047,67.977,1151.748,1125.789,1223.059,1149.525,1158.171,1089.008,1140.641,1071.045,1135.915,1068.906,1139.638,1076.992,1181.192,1173.386,1197.278,1112.685,1274.052,1219.75,1300.382,1244.639,1250.822,1193.072,454.599,465.856,505.175,533.014,548.451,530.311,566.887,530.471,551.997,523.173,546.832,522.117,627.246,629.922,740.004,724.162,833.122,796.329,846.838,802.758,884.971,857.296
3.760,101.517,158.181,67.592,66.822,1155.519,1127.173,1226.82,1147.603,1160.864,1090.593,1143.768,1073.265,1138.864,1071.88,1142.454,1080.097,1179.267,1174.398,1106.477,1215.408,1190.353,1302.909,1213.805,1332.362,1157.118,1283.532,445.642,459.208,498.279,528.67,538.153,521.884,555.962,520.391,541.937,513.111,537.404,512.723,620.427,620.409,712.239,727.175,811.933,821.564,820.747,833.076,863.724,858.745
3.800,109.567,167.123,67.657,66.407,1157.304,1127.714,1228.876,1147.485,1165.056,1089.582,1148.08,1072.528,1142.639,1071.78,1146.026,1080.14,1177.775,1175.677,1098.898,1231.895,1162.383,1318.751,1184.801,1344.351,1122.449,1308.361,437.473,453.38,491.303,520.602,529.212,513.284,545.779,511.041,532.815,503.477,528.475,503.563,612.25,612.825,703.629,718.333,815.235,818.507,829.876,825.29,859.419,867.472
3.840,125.271,164.963,67.871,67.355,1160.67,1129.212,1230.048,1147.553,1167.497,1087.222,1149.884,1072.1,1144.861,1072.364,1148.316,1079.604,1176.942,1177.572,1099.693,1238.486,1136.161,1332.252,1157.19,1357.833,1085.54,1333.152,432.019,449.429,484.825,512.679,521.809,505.832,536.532,504.176,525.642,497.375,521.711,497.071,605.464,605.927,705.024,709.344,824.898,801.375,847.456,805.666,857.655,866.268
3.880,141.843,158.832,64.123,67.384,1161.776,1130.465,1234.031,1148.9,1170.985,1090.958,1152.346,1075.435,1148.046,1074.685,1152.295,1081.59,1176.62,1179.351,1104.999,1241.439,1113.038,1345.602,1124.232,1374.065,1054.136,1350.953,429.554,444.773,480.125,507.957,515.265,501.508,528.306,499.727,517.543,493.246,513.7,493.439,601.546,601.874,705.663,704.532,832.262,784.938,858.069,786.953,853.674,852.391
3.920,156.601,152.178,65.673,69.633,1162.057,1131.71,1231.451,1149.499,1172.705,1092.056,1154.229,1075.744,1149.891,1075.301,1154.126,1082.162,1176.282,1178.39,1111.6,1243.985,1096.018,1355.322,1101.624,1382.188,1031.284,1366.42,427.016,441.092,477.143,504.052,510.828,499.44,523.813,498.537,512.073,490.38,508.196,490.352,597.927,598.356,708.126,702.337,834.808,766.442,862.016,766.309,838.498,829.354
3.960,166.914,143.139,65.544,76.646,1162.565,1135.244,1230.903,1150.883,1172.412,1093.037,1153.922,1076.518,1149.967,1075.669,1154.077,1082.948,1175.439,1177.772,1115.825,1240.643,1084.29,1362.813,1086.723,1386.59,1023.143,1380.633,426.775,437.693,477.618,499.966,509.901,500.717,521.089,499.887,509.278,491.934,506.226,492.445,598.148,598.311,711.293,702.702,831.512,752.26,859.542,746.487,823.765,809.273
4.000,168.957,133.003,64.488,75.59,1163.898,1134.831,1232.792,1151.383,1172.511,1093.719,1153.831,1076.967,1150.215,1076.136,1154.591,1083.35,1175.502,1176.77,1117.98,1235.235,1082.775,1362.674,1083.57,1386.14,1024.29,1391.173,428.034,439.103,480.223,500.275,511.394,501.01,521.969,501.434,510.2,493.614,507.351,493.913,599.759,600.663,710.763,704.797,830.769,735.845,859.704,723.51,820.449,790.991
4.040,165.819,122.587,63.885,74.875,1163.965,1136.145,1232.353,1156.207,1169.152,1095.642,1150.979,1078.344,1147.543,1077.546,1151.731,1083.454,1174.824,1175.121,1118.709,1229.204,1091.34,1358.875,1094.785,1381.674,1032.706,1392.024,430.661,440.937,483.749,501.748,514.66,505.064,524.991,505.26,512.151,497.493,509.506,497.629,600.759,602.056,711.503,707.526,833.041,719.873,862.692,707.003,823.27,769.498
4.080,159.361,116.276,64.443,72.403,1164.133,1138.098,1230.925,1160.426,1167.369,1098.896,1149.313,1081.433,1145.85,1080.171,1150.175,1086.591,1175.355,1174.869,1119.049,1226.05,1104.364,1345.839,1111.229,1365.915,1045.289,1383.254,430.827,441.817,488.404,503.3,516.278,505.838,527.382,507.116,514.181,499.233,511.473,498.975,602.586,603.842,711.6,708.74,837.027,709.3,864.48,695.377,831.965,754.545
4.120,154.731,104.504,58.765,72.302,1163.247,1142.614,1230.679,1177.324,1164.332,1115.172,1139.181,1095.666,1139.402,1094.547,1145.409,1102.638,1174.915,1175.881,1119.487,1212.686,1116.103,1337.954,1119.463,1363.81,1063.349,1370.543,439.068,444.327,501.143,504.303,520.337,517.924,528.388,521.874,515.245,512.999,512.259,511.672,602.937,604.86,712.524,712.284,836.726,702.627,861.428,685.265,847.67,739.598
4.160,144.024,90.908,59.359,66.797,1162.456,1141.806,1225.188,1191.533,1153.582,1126.822,1129.943,1106.52,1128.243,1106.1,1134.177,1113.707,1174.825,1175.689,1119.72,1193.2,1139.059,1317.295,1155.01,1333.064,1082.08,1358.247,444.684,448.012,511.803,507.411,527.577,526.865,533.898,533.501,520.025,524.093,517.606,521.814,604.717,605.098,713.088,718.095,834.86,700.873,857.587,681.318,856.744,737.535
4.200,139.888,79.881,61.396,75.012,1158.67,1141.921,1214.813,1182.898,1136.162,1125.955,1114.334,1108.182,1113.388,1107.927,1120.833,1114.893,1175.113,1175.566,1128.278,1173.865,1164.636,1297.209,1186.774,1313.721,1112.077,1345.644,448.323,450.296,520.213,515.788,533.211,533.247,541.405,539.834,528.017,529.597,524.739,527.096,605.717,605.562,714.735,720.336,834.675,700.203,854.536,680.722,857.713,744.65
4.240,137.888,69.711,65.268,76.374,1155.963,1141.698,1203.653,1179.143,1128.96,1122.22,1109.976,1104.981,1107.774,1103.809,1114.521,1110.699,1179.361,1172.612,1141.129,1145.807,1190.922,1273.767,1212.598,1295.532,1140.554,1316.325,450.576,451.986,525.473,523.196,535.645,537.506,542.865,542.707,528.768,530.963,525.935,529.16,606.039,605.94,720.346,719.765,834.22,703.969,850.981,684.264,857.83,752.965
4.280,136.781,69.292,67.832,80.555,1151.854,1141.33,1191.587,1178.737,1117.26,1123.68,1097.99,1108.254,1095.938,1106.056,1103.383,1112.461,1183.176,1172.582,1155.698,1136.784,1218.802,1258.464,1243.302,1281.757,1167.732,1285.804,449.395,450.989,522.743,522.623,530.918,540.649,534.098,546.347,522.168,538.286,521.767,535.663,605.94,606.145,723.612,719.176,832.578,712.513,848.27,698.093,855.831,762.506
4.320,140.688,67.261,68.583,76.176,1149.966,1145.149,1177.846,1198.651,1109.755,1141.849,1087.224,1128.564,1087.78,1126.669,1094.241,1129.117,1187.398,1172.385,1175.0,1123.612,1243.958,1244.708,1266.224,1267.885,1197.223,1260.373,445.2,447.523,521.82,511.483,520.129,539.296,518.6,538.655,509.836,536.791,510.767,532.2,604.829,606.057,723.148,710.173,828.003,715.168,842.931,699.138,854.046,775.161
4.360,145.056,71.916,62.74,68.672,1145.134,1154.702,1165.809,1214.997,1100.681,1163.485,1080.819,1148.933,1080.14,1146.403,1087.002,1148.799,1186.286,1172.39,1193.298,1109.35,1269.364,1223.461,1288.627,1246.274,1227.597,1229.46,441.469,441.427,520.331,493.497,505.81,520.723,502.803,518.756,494.094,515.615,495.898,512.77,605.094,605.73,723.52,695.56,819.723,730.394,833.392,725.98,853.013,783.81
4.400,150.222,80.901,56.129,62.83,1140.664,1155.425,1155.599,1222.565,1090.261,1187.508,1072.98,1177.474,1074.997,1171.139,1080.628,1176.343,1185.365,1170.382,1210.316,1101.338,1288.608,1204.118,1311.485,1226.708,1244.588,1196.343,437.07,434.299,518.993,480.182,490.531,499.202,486.115,501.757,478.657,498.964,480.399,496.823,601.956,602.317,719.135,685.335,806.706,746.241,821.718,752.038,849.305,804.217
4.440,157.57,94.05,58.635,66.756,1136.872,1155.914,1147.395,1227.504,1086.484,1189.623,1067.005,1178.619,1070.637,1172.867,1076.832,1178.033,1184.655,1169.264,1225.158,1098.571,1303.506,1179.033,1326.573,1202.857,1272.79,1158.22,429.43,426.277,506.322,472.333,479.746,497.886,472.7,501.772,463.06,498.14,466.503,495.992,594.973,594.616,710.867,673.076,798.822,756.598,811.605,766.246,847.275,812.228
4.480,165.199,108.416,60.725,68.114,1131.467,1158.001,1139.322,1225.444,1085.852,1183.203,1068.003,1172.093,1071.125,1165.586,1076.852,1169.461,1183.841,1167.834,1236.659,1096.978,1315.784,1157.124,1337.875,1178.535,1295.091,1121.52,419.866,418.691,494.507,465.641,471.516,493.358,464.082,495.035,454.662,490.507,458.074,489.707,585.704,585.757,695.319,662.888,787.872,771.343,797.268,784.429,844.756,817.369
4.520,169.59,124.189,57.87,65.018,1129.876,1157.153,1137.975,1222.845,1084.524,1179.351,1067.245,1168.785,1071.333,1163.819,1076.815,1167.295,1183.634,1161.892,1244.731,1094.781,1325.611,1128.745,1347.476,1149.759,1320.239,1085.465,415.153,415.564,489.363,459.913,463.406,486.041,457.812,490.512,448.762,486.796,451.44,484.608,581.023,582.357,684.545,662.784,777.72,781.474,781.532,801.02,842.546,819.889
4.560,169.082,140.202,59.28,62.335,1129.055,1155.848,1133.878,1224.336,1083.855,1177.456,1067.645,1166.27,1072.448,1161.049,1078.53,1164.873,1179.877,1160.975,1249.346,1097.5,1336.916,1105.448,1360.59,1118.356,1338.379,1049.296,409.97,411.964,483.675,455.013,458.214,482.279,452.062,486.496,444.605,482.566,447.723,480.675,574.405,578.092,677.453,665.238,765.319,787.213,768.317,811.828,830.988,813.556
4.600,160.439,155.48,57.847,69.683,1131.554,1145.778,1136.238,1219.559,1086.317,1182.034,1070.347,1170.119,1075.204,1166.33,1081.133,1169.489,1179.19,1159.952,1246.13,1101.075,1345.188,1084.235,1369.317,1092.324,1351.688,1028.141,409.403,411.415,483.046,454.76,455.925,485.418,450.188,488.956,442.444,486.076,445.126,484.297,571.67,576.131,673.031,668.559,747.67,788.724,748.036,814.206,814.753,804.594
4.640,152.546,166.235,58.44,66.718,1130.534,1146.061,1134.304,1220.443,1088.007,1184.454,1072.549,1172.442,1077.027,1168.318,1082.825,1172.422,1173.121,1160.449,1243.992,1104.32,1353.15,1072.118,1376.017,1075.076,1366.855,1011.897,406.346,410.228,481.738,454.74,456.393,480.716,449.638,484.416,442.065,481.092,444.799,479.228,565.71,572.133,672.1,671.979,732.302,787.485,727.764,815.013,792.724,786.212
4.680,144.027,170.581,54.069,59.709,1130.654,1144.559,1153.067,1219.548,1093.314,1179.84,1074.274,1168.73,1081.374,1165.464,1090.462,1171.528,1168.194,1160.699,1240.687,1105.496,1354.413,1066.135,1376.969,1068.982,1377.05,1008.437,406.763,409.527,484.054,456.72,462.589,477.413,458.386,478.822,450.224,474.372,452.238,472.891,566.894,571.911,675.729,672.947,717.932,785.769,707.294,814.401,776.008,776.994
4.720,131.074,169.172,59.636,62.566,1128.246,1145.723,1141.532,1218.353,1091.427,1180.102,1074.593,1168.88,1080.508,1164.692,1086.497,1169.132,1167.314,1160.781,1234.018,1105.828,1353.692,1069.453,1374.648,1071.794,1385.727,1012.094,409.273,410.713,484.503,457.607,465.92,479.441,462.465,481.067,454.113,477.67,455.701,476.061,569.136,573.061,679.567,673.577,700.54,786.615,684.759,814.161,753.121,778.088
4.760,122.362,163.238,63.481,65.569,1125.966,1146.678,1140.535,1215.043,1092.331,1178.018,1075.239,1166.289,1080.864,1162.074,1086.588,1166.501,1165.862,1160.905,1230.193,1105.429,1347.149,1078.802,1364.381,1081.188,1384.053,1023.673,409.925,412.314,482.45,459.605,469.389,481.76,470.207,484.022,461.398,480.217,461.474,478.657,571.245,575.071,681.793,672.645,686.216,789.297,668.852,817.589,731.367,781.182
4.800,107.541,153.59,76.359,64.412,1126.7,1146.735,1141.45,1211.358,1096.305,1177.327,1078.42,1164.977,1081.365,1160.956,1086.633,1165.228,1164.631,1162.077,1212.995,1104.005,1336.784,1094.508,1356.485,1102.709,1377.219,1042.064,410.542,413.018,482.872,470.94,481.205,485.065,483.541,485.276,473.317,480.807,472.39,479.751,572.456,576.201,688.798,672.831,677.898,790.994,658.342,816.021,720.244,798.945
4.840,93.713,148.78,76.734,53.313,1127.334,1142.53,1156.434,1206.537,1101.519,1155.949,1081.619,1145.548,1083.686,1141.02,1089.26,1142.943,1165.279,1160.617,1196.042,1102.785,1321.586,1103.053,1334.707,1122.78,1365.326,1051.749,410.986,414.943,483.741,480.633,491.981,487.355,497.869,486.238,486.37,482.171,484.392,480.803,575.829,577.124,696.604,673.035,673.161,790.179,651.919,813.229,710.222,808.981
4.880,82.029,136.3,72.401,67.571,1128.167,1133.65,1175.637,1180.092,1113.191,1126.74,1093.034,1112.911,1091.717,1107.846,1097.332,1111.643,1165.952,1156.8,1177.925,1102.246,1297.063,1130.799,1311.285,1151.597,1363.133,1080.815,414.43,419.052,484.139,484.064,502.82,496.491,510.727,500.165,499.134,492.627,496.456,491.386,580.265,578.125,701.516,672.196,672.671,790.312,648.835,811.351,708.087,813.484
4.920,73.815,134.792,74.032,81.334,1129.418,1127.68,1181.515,1174.464,1118.847,1128.058,1100.317,1114.313,1099.214,1109.294,1104.277,1113.054,1166.191,1155.918,1160.589,1113.289,1274.333,1158.588,1291.483,1178.03,1325.257,1111.372,417.66,421.66,484.442,486.432,509.749,510.255,518.612,515.292,505.657,505.182,502.825,503.186,581.582,578.404,703.248,681.726,675.837,789.551,654.354,809.81,713.366,814.848
4.960,68.14,134.835,72.908,85.841,1130.81,1125.681,1188.505,1161.365,1124.433,1114.814,1106.74,1100.522,1102.934,1096.786,1108.568,1102.768,1166.574,1156.476,1138.093,1125.505,1261.935,1182.634,1282.277,1205.826,1245.758,1138.482,418.087,422.863,482.99,487.354,512.248,508.862,520.099,514.028,508.281,506.04,505.767,504.397,582.238,578.569,701.726,685.794,683.32,788.628,670.557,808.865,729.371,815.36
5.000,66.794,137.213,69.665,85.201,1134.369,1127.992,1197.165,1156.026,1132.801,1106.634,1116.739,1093.209,1111.543,1088.597,1116.225,1097.578,1166.883,1161.988,1124.312,1142.937,1247.984,1207.926,1266.479,1232.275,1268.52,1162.058,418.712,424.78,477.477,490.368,509.659,506.745,518.367,510.921,507.054,503.562,504.475,502.449,582.138,578.694,692.512,687.406,687.946,788.066,675.706,808.401,735.232,815.041
5.040,65.102,144.677,68.034,81.231,1138.914,1128.607,1205.807,1151.073,1144.421,1099.793,1128.324,1082.29,1124.142,1078.392,1127.583,1086.684,1168.655,1164.723,1110.152,1164.419,1233.178,1233.881,1251.205,1254.747,1240.599,1191.281,418.231,424.686,471.983,492.82,506.361,501.383,516.375,501.64,504.473,495.194,501.552,495.019,577.614,576.155,679.085,689.213,689.995,787.795,681.584,806.961,748.904,814.724
5.080,75.423,146.436,71.551,68.181,1146.081,1128.732,1213.786,1155.023,1152.94,1093.71,1135.177,1076.06,1131.823,1073.381,1135.496,1080.875,1171.198,1166.677,1098.058,1179.28,1217.871,1257.07,1233.489,1281.537,1216.266,1215.394,412.199,421.419,461.263,487.723,504.858,487.52,513.693,485.741,501.157,477.097,498.689,477.068,570.342,571.686,668.381,689.032,717.147,782.751,715.094,798.611,767.195,813.444
5.120,81.735,147.147,68.261,65.914,1150.717,1127.724,1218.464,1148.135,1156.552,1089.675,1141.695,1073.712,1136.017,1072.404,1138.995,1079.158,1171.776,1170.557,1092.25,1193.137,1197.316,1276.902,1219.486,1298.772,1175.582,1243.42,407.636,415.876,454.821,482.77,495.651,475.47,511.601,472.588,497.422,465.256,493.045,465.478,566.055,567.107,656.541,683.507,724.895,770.762,728.483,783.395,779.986,813.064
5.160,93.268,154.726,64.806,61.044,1153.491,1128.031,1223.669,1147.719,1160.907,1089.936,1147.609,1075.203,1142.021,1073.874,1144.99,1080.09,1171.031,1170.762,1092.336,1208.179,1177.363,1291.326,1198.697,1317.908,1144.816,1268.848,400.532,410.614,447.366,476.772,485.209,464.086,501.545,461.185,490.354,454.308,485.801,454.882,558.777,559.889,645.731,672.22,731.996,759.239,741.568,768.65,784.739,810.583
5.200,106.089,162.463,62.575,59.522,1156.242,1128.318,1228.067,1147.116,1164.171,1089.875,1150.674,1075.603,1145.12,1074.613,1148.156,1080.677,1168.805,1170.213,1091.158,1219.044,1153.793,1302.376,1173.265,1326.053,1114.933,1292.948,394.957,405.945,441.084,471.062,477.775,456.391,492.597,453.17,481.967,446.123,478.055,447.205,556.337,556.932,642.028,659.1,743.322,748.204,758.69,755.338,785.101,805.159
5.240,122.618,167.407,63.309,59.202,1158.46,1128.743,1228.669,1147.487,1168.324,1092.546,1151.166,1078.869,1147.931,1077.595,1152.474,1083.769,1167.996,1169.912,1091.411,1226.58,1125.252,1311.705,1147.672,1334.502,1081.563,1291.996,390.388,401.482,435.965,464.61,471.255,450.645,486.137,448.57,474.191,441.401,470.096,442.337,553.262,552.935,645.285,646.813,751.879,735.86,772.245,740.791,783.022,787.071
5.280,138.195,164.497,62.312,57.127,1158.997,1129.162,1229.26,1149.234,1171.433,1095.661,1154.812,1081.333,1152.191,1080.453,1156.039,1086.947,1165.419,1169.521,1095.907,1231.856,1107.323,1324.908,1118.928,1350.425,1049.163,1328.922,388.433,399.06,432.333,463.206,466.145,448.351,480.147,446.627,467.737,438.926,463.353,439.826,551.129,550.348,646.459,643.904,760.698,724.287,784.362,727.034,779.153,785.539
5.320,153.567,156.209,65.563,60.884,1157.548,1131.904,1225.505,1150.171,1174.942,1097.558,1156.998,1083.17,1154.152,1082.06,1158.346,1088.516,1164.305,1170.075,1101.09,1231.163,1088.168,1332.344,1093.899,1356.868,1028.974,1343.003,388.314,396.877,430.516,459.217,464.266,447.279,478.386,446.729,463.942,439.286,459.889,439.579,550.005,549.138,648.281,642.803,764.995,708.754,791.001,709.335,769.197,764.898
5.360,163.59,145.484,65.541,65.559,1156.951,1131.744,1224.926,1149.334,1172.912,1097.008,1156.586,1083.21,1152.082,1081.282,1156.115,1087.885,1163.915,1169.851,1104.847,1228.339,1077.156,1340.491,1078.951,1362.183,1020.15,1359.538,387.602,397.519,431.552,458.477,464.888,450.801,478.474,447.815,465.448,440.984,461.706,442.489,549.331,549.69,650.898,645.82,763.883,696.145,790.67,691.78,759.739,749.872
5.400,165.853,137.01,67.392,71.016,1159.092,1131.451,1223.326,1149.709,1171.914,1098.138,1155.552,1083.817,1152.242,1081.961,1156.649,1088.318,1163.414,1168.256,1106.596,1222.489,1075.807,1338.048,1078.299,1360.42,1017.611,1369.02,389.503,397.975,435.454,453.922,467.346,453.103,479.476,449.361,466.316,443.542,463.026,445.062,551.457,551.744,652.302,648.247,765.228,685.071,792.596,674.231,758.407,735.662
5.440,162.608,126.542,64.288,68.764,1159.486,1132.561,1224.181,1153.954,1170.288,1098.636,1154.094,1083.749,1150.344,1082.068,1154.891,1087.973,1163.516,1167.835,1107.351,1217.118,1083.488,1333.44,1087.263,1351.713,1027.627,1371.86,393.256,399.034,437.761,455.444,468.58,454.993,480.963,450.955,468.06,444.15,464.746,445.95,551.748,552.819,653.106,652.826,769.347,673.983,796.604,660.114,759.464,718.317
5.480,154.047,114.799,61.551,71.154,1160.043,1132.772,1226.412,1154.192,1169.003,1098.727,1153.342,1084.101,1149.354,1082.109,1153.758,1088.355,1165.708,1167.805,1107.966,1212.785,1098.452,1327.764,1104.968,1344.795,1041.582,1365.511,397.578,401.375,447.696,463.904,473.85,463.966,485.124,463.672,470.325,457.203,466.693,457.161,555.039,557.201,653.366,660.301,775.071,662.767,801.549,646.754,769.062,702.571
5.520,154.185,100.48,60.654,76.928,1159.799,1138.477,1225.291,1163.068,1168.83,1101.118,1149.746,1086.468,1147.907,1084.265,1153.19,1090.921,1168.164,1169.086,1114.058,1198.956,1108.152,1323.045,1112.638,1340.883,1058.191,1353.704,404.791,407.372,459.521,465.868,480.935,476.489,490.302,479.803,475.219,471.564,471.559,470.34,557.114,558.892,656.303,666.883,777.211,656.069,801.059,640.477,787.544,690.494
5.560,146.006,90.272,55.768,70.709,1159.842,1140.519,1225.093,1169.988,1164.375,1112.973,1143.078,1096.339,1142.198,1093.759,1148.236,1103.667,1169.995,1170.479,1118.596,1186.608,1132.319,1302.365,1149.249,1315.165,1079.287,1343.243,412.576,416.351,471.651,482.56,486.353,487.251,494.847,493.08,480.039,484.556,476.814,481.998,563.084,563.359,663.88,670.866,776.031,654.062,796.371,637.733,796.186,687.707
5.600,145.808,77.302,57.7,74.846,1159.384,1140.666,1222.718,1174.907,1152.541,1124.116,1127.408,1104.747,1128.834,1104.3,1135.221,1113.246,1173.528,1171.866,1133.038,1162.934,1157.119,1280.069,1175.44,1297.327,1108.628,1329.347,414.004,420.208,480.248,481.651,494.417,494.292,501.478,502.133,486.649,493.144,483.736,489.4,564.459,564.478,667.15,671.177,774.242,654.895,793.499,638.766,799.569,692.578
5.640,138.814,68.346,62.706,76.294,1158.811,1140.363,1211.066,1175.956,1138.796,1128.33,1118.121,1111.549,1116.969,1109.878,1122.892,1116.291,1179.329,1171.768,1143.738,1140.257,1186.624,1259.582,1206.556,1280.621,1136.339,1294.808,414.84,419.862,488.046,484.145,498.494,497.145,507.367,506.181,492.685,493.999,489.259,490.849,565.478,565.78,675.319,670.005,775.225,659.918,791.868,645.479,802.178,699.896
5.680,133.502,67.849,63.054,74.735,1158.438,1140.073,1204.042,1174.618,1133.547,1126.501,1116.005,1113.082,1112.881,1109.269,1119.3,1115.184,1186.466,1172.274,1154.772,1136.74,1210.653,1253.391,1232.746,1273.419,1164.048,1280.727,415.508,420.118,490.578,492.019,495.919,500.848,504.447,507.549,489.819,495.462,487.024,493.794,568.413,569.302,678.393,671.331,773.555,665.322,790.531,652.069,801.378,706.262
5.720,140.939,64.699,67.557,65.834,1158.195,1146.439,1197.968,1194.704,1126.026,1143.505,1106.66,1133.476,1105.189,1132.615,1111.902,1134.815,1188.713,1174.485,1176.514,1129.34,1237.276,1243.467,1259.319,1263.56,1192.253,1263.185,414.525,419.551,484.447,488.402,493.521,498.229,491.945,502.568,482.674,496.62,484.175,494.894,567.712,569.38,679.576,668.095,773.725,666.651,789.847,656.593,800.428,724.472
5.760,144.537,75.286,68.27,65.715,1157.244,1154.941,1183.946,1214.641,1118.877,1164.352,1098.415,1154.579,1099.141,1151.415,1105.82,1154.275,1192.599,1177.127,1194.745,1116.128,1263.246,1229.24,1286.016,1249.61,1219.33,1239.584,414.372,415.865,484.985,474.977,483.831,494.28,480.591,501.872,471.588,491.171,473.69,489.81,567.908,568.807,680.404,656.569,772.79,697.933,788.581,679.477,800.795,731.046
5.800,148.815,78.772,63.849,62.74,1157.347,1161.293,1177.907,1223.623,1113.135,1185.207,1095.798,1176.076,1096.651,1173.611,1102.609,1176.323,1193.179,1179.044,1211.323,1110.667,1288.25,1210.041,1308.8,1231.978,1243.999,1207.524,411.653,411.269,483.9,462.288,472.17,478.942,467.623,479.512,458.402,474.723,460.982,473.138,567.61,567.856,678.111,646.579,768.152,703.374,781.031,706.687,799.121,755.833
5.840,153.56,88.54,59.741,65.191,1155.882,1161.326,1171.151,1228.44,1107.86,1191.53,1091.017,1181.267,1092.632,1177.438,1098.607,1181.784,1192.632,1178.207,1226.494,1106.704,1303.098,1192.449,1325.573,1213.644,1280.005,1174.497,407.847,406.908,483.21,454.225,461.658,475.541,456.411,475.361,448.386,471.082,451.384,470.01,563.632,564.315,677.795,640.552,760.056,716.96,769.349,724.35,799.804,768.278
5.880,161.674,101.651,55.833,66.273,1153.377,1166.169,1166.177,1229.051,1104.869,1195.703,1089.082,1185.375,1091.467,1180.415,1097.174,1186.052,1194.975,1177.654,1242.009,1107.504,1316.956,1172.277,1336.912,1193.587,1301.188,1140.392,404.157,402.011,481.78,446.874,453.447,466.727,449.365,467.168,440.803,463.802,442.646,462.759,561.15,561.939,668.825,635.923,752.287,728.867,761.37,740.697,798.895,774.634
5.920,169.141,117.3,52.452,65.448,1152.172,1166.539,1164.519,1232.859,1106.549,1198.411,1090.764,1191.129,1092.986,1187.237,1098.387,1191.476,1195.334,1176.865,1255.336,1108.597,1331.168,1149.266,1352.842,1168.193,1321.351,1105.764,400.407,398.573,481.372,441.802,449.401,463.621,444.695,463.115,436.485,460.239,437.931,459.352,555.928,558.464,659.1,635.305,746.212,740.806,752.68,759.04,801.004,779.482
5.960,168.878,134.319,51.145,64.819,1152.062,1167.693,1164.456,1235.303,1106.107,1197.642,1091.334,1186.803,1094.853,1182.678,1099.938,1187.431,1198.539,1176.824,1262.786,1113.271,1342.83,1128.055,1364.14,1141.918,1343.846,1078.149,397.918,396.101,476.583,436.764,443.029,461.971,437.998,462.709,430.349,460.012,431.922,459.402,552.801,556.006,651.484,636.691,733.83,749.668,735.883,769.926,794.474,776.13
6.000,163.307,148.141,57.154,62.006,1154.021,1168.282,1162.844,1238.36,1108.795,1199.564,1094.343,1188.547,1097.279,1184.138,1102.489,1188.816,1199.151,1177.286,1266.208,1118.066,1355.705,1111.411,1375.494,1119.614,1363.397,1055.787,395.378,395.218,467.429,437.836,441.226,460.871,438.897,462.424,430.621,459.25,431.269,458.691,549.474,555.111,648.807,639.406,722.019,757.323,722.829,780.218,780.869,768.481
6.040,155.438,154.984,61.745,59.893,1154.289,1170.123,1164.87,1242.054,1110.128,1202.719,1097.561,1192.297,1104.174,1187.542,1109.599,1192.261,1197.892,1183.395,1268.621,1121.053,1367.934,1098.951,1390.333,1102.51,1382.255,1044.55,395.509,396.436,462.65,440.091,443.48,461.572,441.01,463.141,434.198,459.47,435.19,458.935,547.837,553.372,649.704,640.068,708.588,757.0,702.839,783.371,765.568,758.953
6.080,145.655,165.361,62.916,60.086,1155.049,1172.777,1167.306,1242.568,1113.618,1202.825,1103.006,1191.808,1109.821,1186.869,1114.637,1191.298,1197.217,1186.014,1266.104,1132.182,1371.394,1098.153,1393.288,1099.848,1395.379,1041.984,395.564,397.001,462.675,441.813,446.533,462.397,445.187,464.064,437.041,459.945,437.779,459.302,548.614,553.594,651.355,642.208,693.495,756.069,682.129,783.431,746.484,752.607
6.120,135.392,167.066,63.982,61.67,1159.586,1171.979,1170.363,1241.617,1125.892,1200.742,1112.126,1188.737,1117.626,1184.203,1123.975,1188.438,1197.978,1187.234,1257.986,1137.997,1368.774,1103.82,1386.788,1104.861,1409.684,1046.959,395.901,398.606,459.903,442.16,446.764,465.425,446.631,464.193,439.798,460.674,442.045,460.102,551.008,556.185,653.86,642.788,683.815,756.81,668.803,784.895,730.633,751.209
6.160,121.811,159.995,73.587,60.228,1160.66,1174.273,1174.731,1242.22,1130.245,1200.33,1115.693,1189.959,1120.719,1185.877,1125.976,1190.023,1199.202,1188.877,1251.051,1137.687,1364.532,1115.549,1379.033,1118.599,1405.212,1057.982,398.889,402.346,462.157,451.174,459.144,470.288,457.278,467.116,452.423,464.025,454.05,464.319,557.077,561.544,663.116,648.11,674.551,766.486,656.241,793.921,712.317,754.676
6.200,109.197,154.11,79.406,52.237,1162.008,1173.138,1183.107,1239.57,1133.627,1197.995,1119.913,1188.438,1123.687,1184.864,1128.217,1187.82,1201.132,1192.464,1248.583,1138.243,1358.931,1126.624,1370.439,1132.701,1405.013,1077.322,404.279,406.303,465.966,460.23,473.174,469.957,474.495,467.411,467.702,464.092,467.723,464.455,562.953,565.603,673.305,653.887,665.453,770.961,647.47,795.677,700.468,774.332
6.240,96.027,146.114,68.692,54.124,1165.031,1171.624,1204.776,1231.956,1143.006,1197.618,1128.454,1187.056,1130.627,1184.273,1134.983,1184.602,1202.132,1191.651,1236.811,1139.345,1349.781,1145.211,1364.086,1162.419,1392.93,1092.669,409.655,409.985,472.664,467.874,484.598,474.119,487.522,474.232,479.84,471.484,479.13,470.871,568.922,570.2,682.512,657.538,660.655,770.62,642.998,793.506,693.15,789.525
6.280,85.212,136.755,64.787,104.965,1172.519,1165.683,1220.709,1195.297,1156.609,1171.919,1140.68,1160.283,1140.412,1152.673,1145.189,1155.619,1205.289,1191.133,1219.324,1143.257,1332.195,1171.898,1347.416,1188.827,1379.472,1122.65,418.02,418.701,478.103,474.547,493.514,496.272,500.371,503.063,490.357,491.746,488.037,490.232,571.722,572.444,685.96,659.248,662.396,771.072,644.804,791.175,694.317,797.22
6.320,78.227,140.222,72.737,98.454,1175.131,1165.423,1221.517,1202.129,1161.736,1172.894,1145.755,1162.147,1143.781,1154.117,1148.879,1159.217,1207.056,1191.14,1202.887,1158.471,1318.283,1197.993,1331.007,1216.655,1378.593,1151.427,420.17,424.384,478.276,479.039,501.629,505.677,509.284,512.548,498.578,504.184,495.701,503.023,571.231,571.8,687.629,669.549,667.858,770.925,649.96,789.591,699.964,798.313
6.360,71.335,137.108,76.853,91.473,1178.086,1165.998,1229.239,1199.48,1173.77,1163.278,1152.652,1147.744,1148.91,1143.974,1155.102,1150.953,1211.552,1195.932,1187.833,1169.792,1299.3,1221.832,1315.681,1241.498,1344.32,1177.337,421.005,425.918,477.433,482.414,508.238,505.147,515.88,509.83,504.784,502.817,502.346,501.375,574.361,573.543,687.388,675.343,674.069,771.224,657.691,787.808,710.248,798.188
6.400,68.101,136.73,75.883,85.631,1180.857,1167.614,1236.79,1200.793,1183.887,1157.973,1168.278,1140.678,1160.68,1137.397,1165.7,1146.537,1213.166,1206.055,1178.705,1188.395,1290.624,1250.668,1310.232,1270.521,1322.756,1206.939,420.033,424.376,473.584,483.967,506.807,503.697,516.678,505.98,505.666,500.474,502.813,500.646,573.206,572.555,684.554,678.626,675.348,771.588,662.844,787.228,728.843,799.398
6.440,75.39,152.207,70.255,80.879,1188.238,1168.429,1248.412,1195.009,1190.563,1144.769,1174.337,1127.148,1167.622,1123.481,1172.183,1129.931,1217.541,1207.511,1180.396,1217.717,1283.75,1277.077,1301.398,1296.357,1289.626,1233.203,420.18,424.516,470.116,486.004,504.283,498.77,515.017,503.903,504.222,500.18,500.434,497.862,572.839,573.203,680.161,681.287,688.261,772.043,684.976,787.653,744.302,800.891
6.480,94.306,151.952,63.9,78.057,1191.217,1170.946,1258.742,1194.36,1198.358,1136.389,1181.595,1121.076,1176.677,1118.773,1180.463,1124.737,1220.749,1211.888,1174.399,1228.205,1275.096,1298.738,1294.118,1322.056,1260.007,1260.395,419.626,423.533,464.084,484.63,499.709,493.838,510.969,491.291,499.073,484.973,495.651,486.335,571.953,572.627,668.684,676.571,726.607,770.274,734.709,787.561,775.924,796.769
6.520,85.742,156.886,65.029,67.175,1195.619,1172.991,1266.476,1194.173,1203.905,1131.627,1187.32,1119.266,1182.498,1117.783,1186.055,1123.089,1220.639,1213.803,1150.957,1245.68,1246.317,1322.819,1268.244,1343.421,1231.443,1286.588,413.629,423.36,454.626,481.937,498.4,478.72,506.808,474.863,495.584,467.823,492.709,468.557,567.763,569.771,656.865,673.342,720.63,764.555,724.695,775.563,774.296,797.655
6.560,96.426,162.037,66.118,62.331,1199.118,1173.523,1269.572,1190.808,1209.822,1133.128,1192.745,1120.617,1187.997,1119.574,1191.496,1125.604,1220.056,1214.625,1148.547,1260.222,1228.636,1337.977,1248.603,1361.989,1202.463,1315.603,404.755,421.084,448.964,480.612,489.281,468.901,502.954,465.834,492.221,458.417,488.279,459.236,560.314,561.529,648.125,667.89,729.861,756.809,737.622,766.054,777.351,796.04
6.600,112.912,166.834,65.34,60.931,1203.697,1176.486,1271.754,1187.937,1215.619,1135.254,1198.174,1123.325,1194.491,1122.671,1197.971,1128.798,1219.705,1219.011,1152.355,1271.15,1206.926,1350.415,1228.133,1373.815,1168.817,1339.748,400.448,417.617,443.255,478.912,479.947,461.298,494.795,458.524,483.605,450.58,478.727,451.029,555.467,555.31,642.838,653.34,739.444,743.972,753.529,750.4,781.662,795.181
6.640,127.304,169.04,63.86,57.602,1207.35,1176.746,1273.766,1189.848,1218.765,1139.057,1202.437,1126.663,1199.028,1125.631,1201.895,1131.913,1222.271,1219.246,1153.542,1282.465,1184.253,1364.43,1204.969,1387.337,1138.607,1366.465,396.339,413.802,438.895,475.494,472.218,456.597,485.219,454.052,473.688,445.914,469.838,446.058,549.379,550.466,642.235,646.775,748.023,730.938,767.707,731.918,781.734,790.367
6.680,141.926,162.809,62.008,59.103,1206.457,1177.47,1275.501,1191.8,1222.926,1141.771,1207.229,1129.167,1204.28,1127.682,1207.681,1133.808,1222.521,1224.363,1157.962,1286.289,1165.679,1377.886,1179.13,1402.589,1112.662,1382.916,396.114,409.314,434.578,469.841,468.572,453.993,479.132,451.198,468.876,443.005,465.411,443.137,548.539,548.377,643.563,642.349,757.283,717.653,777.996,718.842,776.405,775.454
6.720,152.901,153.269,59.102,62.709,1208.194,1181.524,1280.443,1194.592,1225.104,1142.768,1205.925,1129.882,1204.723,1127.89,1208.887,1134.505,1222.646,1226.673,1162.467,1287.174,1152.554,1387.068,1159.153,1409.242,1094.495,1405.484,395.91,407.008,434.775,465.301,467.797,451.748,477.695,450.485,466.524,442.304,463.376,442.196,549.633,550.209,645.827,642.002,760.726,699.396,783.939,697.263,771.104,758.144
6.760,160.184,144.651,58.241,61.727,1211.284,1183.048,1282.171,1199.54,1226.443,1145.249,1206.147,1133.715,1205.226,1131.436,1209.398,1136.925,1224.234,1226.973,1165.704,1287.153,1143.486,1396.149,1146.934,1414.686,1085.331,1418.536,396.382,407.059,436.308,463.748,467.009,452.157,477.249,450.744,465.617,443.091,462.08,443.316,550.437,551.189,647.605,643.5,759.326,686.544,784.829,680.496,760.557,737.621
6.800,164.649,136.264,61.409,62.976,1214.542,1186.01,1280.004,1203.861,1226.497,1150.524,1207.094,1138.076,1205.165,1135.41,1209.923,1140.925,1225.234,1226.064,1170.746,1283.578,1143.601,1398.57,1145.892,1416.684,1087.935,1434.6,397.065,407.502,438.392,464.386,468.228,455.364,478.134,453.773,466.702,445.983,463.269,446.491,550.593,552.446,648.54,643.819,759.581,672.651,785.421,661.26,756.176,720.937
6.840,162.439,123.057,56.971,67.385,1215.971,1188.985,1281.697,1205.681,1225.419,1152.186,1207.854,1139.621,1204.369,1137.952,1208.689,1142.999,1226.207,1225.253,1173.321,1278.399,1151.429,1394.99,1155.087,1410.691,1095.662,1436.941,399.454,411.806,446.901,468.794,468.669,462.901,478.401,460.388,467.131,453.18,463.637,453.664,552.605,555.211,650.305,652.155,764.352,660.972,791.329,647.856,756.289,701.097
6.880,156.807,110.503,57.7,69.338,1217.821,1192.051,1282.277,1215.904,1222.894,1159.296,1205.503,1145.367,1202.327,1143.183,1206.745,1149.741,1228.307,1226.329,1175.297,1273.078,1163.301,1385.343,1169.471,1399.801,1110.843,1424.017,405.672,415.895,456.441,470.996,477.44,473.711,486.377,472.118,472.765,465.085,469.563,465.397,557.457,559.549,652.962,660.697,770.25,652.251,795.646,637.035,769.91,687.507
6.920,160.448,99.462,58.962,69.692,1218.635,1193.576,1280.267,1220.155,1221.396,1165.603,1203.534,1149.103,1200.553,1147.068,1204.984,1154.794,1228.885,1227.22,1179.361,1263.224,1167.299,1374.79,1184.735,1392.841,1124.624,1415.628,411.917,420.821,470.389,477.7,486.681,482.222,494.902,483.242,481.746,476.336,478.2,475.778,561.137,562.633,663.419,666.856,772.958,647.995,795.995,631.18,783.5,675.835
6.960,145.153,88.436,60.768,71.512,1217.8,1196.147,1279.058,1225.46,1216.565,1173.958,1197.745,1157.353,1196.599,1154.04,1201.007,1162.608,1229.79,1229.239,1180.684,1250.754,1196.121,1357.872,1212.453,1369.316,1146.875,1400.537,417.705,425.13,479.482,485.288,496.844,492.06,503.507,497.099,490.522,488.758,487.873,486.742,566.009,567.337,663.608,671.753,771.56,646.615,792.379,628.816,793.013,673.195
7.000,68.997,158.351,63.455,74.101,1217.716,1198.008,1274.086,1229.709,1207.698,1186.222,1185.306,1169.754,1184.053,1167.88,1190.363,1174.422,1233.816,1229.673,1206.606,1210.917,1331.654,1229.343,1345.575,1247.5,1373.451,1185.854,419.898,427.28,486.55,491.579,502.706,499.518,509.137,505.589,497.667,498.245,494.612,495.192,567.497,568.479,669.667,672.318,656.325,763.622,636.02,780.511,690.472,787.701
7.040,131.083,73.831,65.838,76.106,1217.566,1197.011,1265.484,1230.958,1195.457,1191.045,1175.722,1173.96,1174.293,1172.217,1180.228,1177.974,1237.585,1229.319,1208.515,1204.495,1261.653,1298.695,1278.466,1315.79,1236.155,1293.796,422.23,429.68,493.081,493.883,505.314,503.815,513.694,509.554,500.684,498.868,497.697,496.776,569.799,571.706,677.651,672.35,756.935,668.544,765.84,654.254,785.365,705.043
7.080,133.774,67.134,67.235,76.86,1217.063,1196.123,1257.466,1224.936,1189.873,1182.69,1174.646,1168.456,1169.769,1165.092,1175.866,1170.885,1245.703,1229.138,1218.614,1198.136,1275.025,1307.348,1296.05,1325.602,1230.654,1326.301,422.774,429.98,495.462,500.037,502.928,506.891,510.74,511.523,498.568,501.411,496.181,499.912,569.977,572.77,679.071,675.419,768.371,663.825,781.785,650.148,796.027,708.681
7.120,139.763,66.147,70.988,70.183,1216.234,1196.766,1255.059,1221.395,1187.014,1184.463,1168.473,1170.046,1166.436,1165.957,1174.095,1172.675,1249.192,1229.837,1236.796,1188.173,1298.308,1302.533,1320.863,1323.394,1253.467,1321.804,420.823,428.651,488.476,506.228,501.505,504.807,504.024,506.244,493.781,496.461,495.777,496.236,569.302,572.665,678.731,673.769,770.705,670.86,785.235,660.58,797.232,715.787
7.160,146.148,75.289,72.053,70.326,1214.58,1204.932,1237.518,1250.548,1173.674,1206.265,1155.393,1193.778,1154.83,1192.263,1161.589,1194.237,1249.925,1233.88,1255.076,1176.286,1322.063,1287.814,1344.308,1303.701,1279.477,1296.638,420.158,424.775,489.728,488.148,490.064,500.907,488.53,501.777,480.633,494.869,483.513,494.249,569.533,571.694,679.162,660.707,769.551,697.361,783.564,674.198,797.149,723.806
7.200,151.471,77.231,63.029,69.27,1211.382,1209.801,1228.5,1273.53,1166.873,1235.113,1150.181,1221.598,1150.308,1218.105,1156.535,1221.467,1250.156,1234.863,1271.532,1169.357,1345.034,1269.069,1365.166,1289.218,1306.309,1267.305,419.528,419.054,489.547,465.235,475.055,490.51,473.093,490.691,464.587,486.939,466.349,485.641,569.008,571.517,677.003,649.628,765.457,700.906,779.32,701.147,796.957,750.332
7.240,158.413,86.623,58.014,65.392,1208.009,1213.895,1222.035,1282.744,1162.653,1245.379,1146.733,1234.958,1148.223,1230.716,1154.138,1234.976,1250.217,1234.024,1286.769,1164.852,1359.967,1249.77,1382.185,1271.031,1336.615,1234.773,417.633,412.497,488.588,455.854,466.025,480.297,459.788,480.267,452.468,476.988,455.087,475.431,567.122,567.552,675.617,639.953,762.216,712.012,770.496,718.483,797.164,763.915
7.280,167.053,101.613,53.688,60.815,1205.252,1216.359,1219.793,1287.792,1162.446,1247.81,1146.901,1238.062,1149.489,1233.556,1155.109,1237.724,1250.011,1231.898,1300.841,1165.146,1372.566,1229.761,1392.09,1250.368,1356.544,1201.008,411.738,407.18,486.911,448.708,459.724,472.394,453.262,473.607,445.083,470.318,447.392,469.05,562.146,562.963,664.317,635.946,751.645,725.077,759.762,735.817,795.901,770.985
7.320,171.514,118.518,54.146,65.39,1204.853,1214.673,1217.729,1285.336,1160.841,1247.431,1145.193,1237.216,1148.246,1233.231,1153.652,1237.964,1250.534,1229.967,1311.155,1165.664,1385.634,1205.064,1405.841,1226.407,1374.914,1166.015,404.349,403.893,480.934,444.617,452.807,471.589,448.028,474.096,440.052,471.004,441.396,469.914,556.562,558.574,654.473,634.045,742.454,736.416,748.186,753.143,797.388,775.22
7.360,170.431,134.182,53.689,63.343,1203.693,1218.257,1216.418,1290.165,1161.805,1250.405,1144.81,1241.085,1148.018,1237.178,1154.002,1241.498,1250.386,1229.956,1318.007,1167.911,1395.228,1183.508,1416.003,1196.28,1394.2,1136.532,400.974,400.73,476.283,441.751,448.792,468.208,446.237,471.81,437.769,469.183,438.587,467.711,551.873,554.768,650.084,635.053,729.721,744.355,731.274,764.847,796.022,773.117
7.400,163.672,148.929,56.191,62.781,1203.876,1216.81,1216.095,1290.014,1164.779,1251.504,1147.205,1239.625,1150.683,1235.651,1156.817,1239.992,1250.204,1229.91,1319.189,1172.385,1408.121,1165.831,1428.798,1175.429,1413.89,1111.746,399.021,400.574,472.094,441.105,448.907,466.893,447.377,469.565,438.813,466.737,439.6,465.518,548.669,553.375,646.979,637.314,718.01,749.193,716.587,772.658,779.771,765.432
7.440,154.32,159.231,62.488,62.042,1204.115,1215.341,1215.811,1283.97,1166.949,1247.052,1149.41,1234.827,1155.155,1230.565,1162.571,1234.354,1249.78,1230.252,1316.963,1175.938,1416.573,1153.105,1438.175,1156.308,1429.246,1098.873,397.76,401.505,466.15,443.38,450.456,465.258,448.222,467.061,441.596,463.663,442.58,461.633,548.013,553.119,645.605,638.858,702.599,750.248,698.761,774.889,760.765,759.291
7.480,144.945,164.395,64.36,63.906,1205.221,1214.435,1218.014,1284.181,1167.711,1249.044,1151.517,1237.204,1159.535,1233.868,1165.615,1237.093,1249.468,1230.771,1315.901,1176.622,1422.656,1149.576,1443.341,1152.552,1445.039,1094.389,399.032,402.319,466.562,444.119,453.165,466.913,451.187,468.025,444.03,464.802,444.935,463.314,548.939,553.915,648.086,647.246,689.324,751.701,679.508,777.879,742.236,751.524
7.520,133.955,165.35,64.271,61.265,1205.564,1214.644,1219.939,1284.791,1174.131,1246.589,1157.285,1233.769,1164.179,1229.433,1170.573,1233.361,1248.842,1232.814,1308.129,1178.764,1421.056,1151.214,1437.689,1153.073,1457.366,1097.524,399.332,402.875,466.334,446.318,455.235,467.927,452.743,467.773,445.543,464.038,446.608,463.582,549.982,554.266,651.406,650.294,678.823,755.132,666.319,780.733,725.603,749.175
7.560,122.039,160.394,63.244,63.41,1205.9,1214.225,1233.518,1282.411,1178.067,1246.935,1158.379,1236.959,1164.367,1233.753,1171.202,1236.824,1248.556,1235.097,1303.029,1180.088,1414.747,1159.139,1427.786,1161.966,1455.876,1105.574,399.792,403.592,467.28,454.386,462.915,472.248,460.551,471.814,453.268,468.622,454.307,467.967,556.104,560.089,660.441,653.227,669.176,761.397,651.927,788.989,704.365,752.47
7.600,108.357,151.541,62.484,54.22,1208.872,1214.14,1247.567,1280.01,1181.217,1244.117,1164.109,1234.1,1167.73,1230.791,1173.757,1235.427,1247.49,1238.449,1296.717,1180.162,1407.148,1171.764,1420.538,1177.509,1446.738,1118.161,403.138,406.557,468.268,466.221,471.977,473.883,471.76,472.263,463.533,468.711,464.391,468.506,560.268,564.635,671.302,655.375,660.566,768.231,643.017,793.948,695.0,766.953
7.640,96.874,149.006,64.244,57.736,1210.779,1212.408,1256.723,1267.033,1188.554,1211.978,1174.919,1198.537,1174.822,1195.715,1179.354,1199.544,1247.373,1237.859,1286.269,1180.769,1400.491,1178.733,1416.057,1194.846,1441.389,1128.746,409.569,416.01,470.804,479.103,484.209,487.451,488.753,489.482,480.821,484.363,479.375,482.163,564.02,567.86,679.288,659.115,655.483,771.652,639.245,795.196,691.795,787.204
7.680,86.639,135.594,63.133,75.268,1212.992,1209.503,1263.241,1243.36,1196.235,1195.541,1183.278,1183.456,1180.441,1179.982,1184.574,1184.269,1247.71,1237.63,1269.822,1182.262,1381.798,1205.503,1393.326,1226.435,1428.052,1155.95,420.013,425.278,481.653,482.017,496.287,495.813,504.753,502.741,495.604,494.672,492.721,491.947,572.21,573.908,685.776,660.533,657.069,771.59,639.879,793.434,690.759,795.934
7.720,77.487,132.788,68.277,88.018,1215.672,1206.804,1263.377,1231.311,1199.622,1190.013,1185.096,1175.757,1181.84,1173.566,1186.088,1179.147,1248.279,1236.587,1249.853,1191.638,1365.943,1232.293,1377.497,1250.743,1416.743,1186.781,424.993,431.632,484.877,491.106,504.149,506.476,514.017,517.11,503.324,507.833,499.629,503.044,574.869,575.453,689.683,668.88,662.244,771.984,646.176,790.468,698.328,797.555
7.760,72.377,134.714,69.204,90.792,1217.492,1206.292,1269.15,1234.195,1205.477,1196.523,1189.492,1181.414,1185.26,1178.567,1190.45,1184.735,1250.157,1236.261,1236.279,1206.08,1349.696,1257.058,1365.32,1275.559,1395.515,1211.311,427.466,433.065,483.363,494.101,509.02,511.957,517.843,519.903,507.748,510.445,504.751,507.481,576.727,578.077,690.216,678.8,668.885,772.278,652.297,788.638,706.323,797.547
7.800,69.425,138.958,68.708,85.324,1221.901,1206.485,1278.273,1231.201,1216.341,1186.619,1200.526,1171.03,1196.464,1167.663,1199.966,1174.953,1250.75,1239.219,1222.348,1223.295,1335.13,1280.951,1354.201,1300.637,1368.028,1236.641,426.256,432.917,482.066,497.776,509.634,510.715,519.639,514.432,508.13,505.231,504.616,503.866,575.04,576.415,685.613,682.911,673.422,773.281,655.195,788.361,723.558,797.58
7.840,71.023,146.656,66.533,78.564,1225.619,1206.704,1286.69,1230.952,1223.758,1180.474,1209.658,1163.922,1205.151,1159.88,1208.565,1167.795,1251.919,1244.41,1209.557,1246.124,1322.232,1306.954,1341.537,1328.31,1342.801,1264.104,424.396,434.268,474.698,499.445,506.842,507.414,517.145,508.701,506.704,500.645,503.188,499.858,576.186,577.633,683.649,685.039,688.643,774.355,676.873,789.959,740.474,799.358
7.880,85.13,151.726,62.444,82.124,1227.85,1207.447,1294.318,1228.794,1231.411,1174.039,1216.636,1157.089,1212.635,1154.839,1215.956,1161.102,1252.479,1244.851,1202.048,1258.542,1303.328,1325.266,1321.709,1348.473,1306.697,1290.467,424.312,431.854,467.725,495.752,503.017,505.996,512.06,498.626,502.023,491.818,499.435,493.088,575.044,577.109,672.495,679.502,714.429,771.711,708.435,788.91,753.369,798.637
7.920,88.158,153.146,63.325,74.146,1231.611,1208.402,1299.954,1227.019,1236.611,1170.939,1221.588,1156.825,1217.73,1154.554,1220.362,1160.375,1252.207,1247.379,1191.605,1271.895,1283.771,1348.712,1303.751,1371.191,1277.073,1310.07,420.208,431.381,462.36,492.469,501.421,493.54,508.48,487.126,498.582,480.38,496.23,482.058,571.126,572.583,660.089,678.705,718.626,770.704,722.365,782.692,773.359,798.446
7.960,95.529,159.738,63.083,62.504,1234.2,1209.312,1302.274,1224.488,1240.361,1167.016,1225.445,1154.554,1221.499,1154.142,1224.038,1159.596,1252.024,1247.229,1184.354,1285.927,1265.838,1361.342,1286.349,1385.431,1240.825,1340.399,415.244,427.818,455.504,491.67,494.92,477.206,506.035,474.603,496.092,466.946,492.216,467.581,565.659,566.975,653.602,671.821,729.871,760.054,737.033,768.989,778.153,799.054
8.000,110.044,164.875,61.789,61.814,1234.733,1209.495,1303.619,1224.504,1244.13,1168.338,1228.538,1155.426,1225.244,1155.078,1227.967,1160.914,1251.382,1246.517,1184.011,1297.331,1241.191,1374.681,1263.676,1398.788,1209.75,1362.37,409.593,421.777,449.748,485.319,486.276,470.379,499.389,467.824,488.557,459.761,483.874,460.339,561.354,560.138,650.282,661.049,738.979,747.399,752.827,752.768,781.182,796.997
8.040,125.085,167.043,60.758,62.648,1236.771,1209.525,1305.422,1224.451,1248.605,1169.778,1232.333,1156.58,1229.03,1156.406,1232.52,1162.33,1251.085,1246.226,1183.766,1305.694,1218.368,1387.321,1237.403,1409.301,1173.06,1384.899,405.855,416.953,445.761,479.303,479.347,465.784,492.395,462.993,481.299,455.442,477.079,456.071,555.574,554.967,647.513,653.496,749.722,737.815,768.283,740.715,782.799,795.833
8.080,141.49,163.657,62.142,61.568,1239.847,1206.345,1306.076,1220.805,1249.601,1170.017,1233.435,1157.627,1230.19,1157.003,1232.63,1162.809,1249.295,1246.315,1185.538,1309.011,1195.164,1399.903,1207.73,1423.995,1143.487,1403.401,402.29,416.316,443.772,477.297,476.484,463.601,488.524,460.048,478.232,451.404,474.473,452.552,552.638,553.089,648.58,648.636,760.752,725.948,781.731,727.74,777.493,786.646
8.120,155.971,157.584,61.879,61.051,1239.864,1206.502,1306.656,1222.473,1252.396,1172.214,1236.17,1160.098,1232.036,1159.186,1234.863,1164.869,1246.272,1246.658,1189.821,1311.995,1178.613,1411.778,1185.162,1434.278,1121.712,1423.918,402.299,414.437,443.684,476.668,475.133,463.619,487.026,460.594,475.651,451.875,471.902,452.607,552.337,552.768,651.343,647.778,764.393,712.746,787.542,711.468,771.846,769.088
8.160,167.478,146.96,63.689,61.774,1241.357,1205.324,1304.488,1221.817,1252.922,1170.661,1236.602,1160.114,1232.53,1160.014,1235.591,1165.296,1246.326,1246.81,1194.504,1308.719,1165.116,1414.596,1165.878,1434.587,1108.656,1437.304,403.201,414.67,445.244,476.748,475.048,464.61,486.41,461.065,475.313,452.606,472.067,453.777,552.725,553.83,652.742,648.94,763.447,695.856,790.198,690.729,763.432,746.697
8.200,172.174,139.713,64.41,64.485,1242.759,1206.557,1304.614,1222.435,1252.931,1172.238,1236.981,1161.071,1232.665,1160.751,1236.224,1166.071,1246.401,1246.942,1196.9,1306.161,1161.725,1418.654,1161.881,1438.323,1108.724,1449.164,403.601,415.069,446.945,476.701,476.055,466.881,487.318,464.006,476.055,455.78,472.64,456.583,553.75,554.944,655.547,649.602,763.117,685.464,789.415,675.275,758.041,735.701
8.240,169.007,128.486,60.331,64.769,1243.121,1206.696,1307.03,1224.712,1253.445,1172.383,1237.157,1161.441,1233.631,1161.542,1237.002,1166.701,1248.606,1247.426,1198.065,1300.898,1166.143,1413.751,1167.643,1429.531,1110.638,1452.04,408.918,417.847,452.869,477.527,478.79,469.769,489.954,469.266,477.165,460.536,472.708,459.589,560.317,561.799,657.786,655.662,766.145,673.166,793.132,657.885,757.578,713.461
8.280,162.285,115.136,61.719,71.575,1243.842,1210.762,1305.544,1229.692,1251.027,1177.837,1235.565,1164.203,1232.374,1163.913,1235.547,1170.331,1249.518,1248.156,1198.522,1297.296,1177.771,1406.324,1181.677,1419.204,1121.721,1443.347,415.038,424.851,462.357,482.193,486.898,482.052,495.864,482.119,484.228,473.941,480.299,473.402,565.434,567.947,660.691,665.138,773.219,661.93,798.691,646.716,764.269,694.74
8.320,156.178,101.967,63.233,70.854,1244.746,1214.447,1304.569,1239.405,1250.674,1185.211,1232.554,1169.133,1231.763,1169.139,1234.808,1176.757,1251.26,1248.15,1198.894,1287.194,1190.212,1397.666,1197.048,1412.719,1136.173,1438.424,421.544,430.426,477.987,487.296,497.495,491.608,504.965,491.767,492.608,485.572,489.526,484.972,569.148,572.779,666.536,674.213,778.233,656.546,801.791,641.208,778.724,689.208
8.360,151.109,90.196,60.436,64.346,1243.922,1218.71,1304.194,1259.455,1245.496,1200.016,1225.562,1182.154,1224.446,1181.868,1229.465,1191.248,1251.627,1248.089,1199.132,1274.848,1201.993,1382.074,1216.828,1393.401,1143.164,1422.724,428.481,434.094,487.074,488.059,504.178,500.043,512.668,503.544,500.248,496.865,497.192,495.623,571.745,575.271,673.212,682.018,779.925,655.529,800.815,638.953,796.636,682.745
8.400,141.832,81.174,60.155,69.65,1243.517,1222.922,1302.133,1263.718,1239.241,1212.295,1217.939,1194.26,1216.771,1193.16,1222.173,1200.887,1252.427,1252.502,1205.336,1261.933,1227.051,1365.895,1243.241,1376.66,1176.007,1412.995,434.882,438.27,496.746,494.284,511.973,508.754,519.101,513.682,506.886,506.858,504.555,504.234,580.123,579.571,675.388,683.156,778.759,657.181,797.254,640.66,801.965,686.426
8.440,139.228,68.453,60.376,70.954,1242.084,1221.13,1296.137,1256.994,1227.333,1209.652,1206.621,1194.488,1205.332,1193.525,1210.997,1199.987,1257.753,1253.034,1219.839,1231.576,1256.693,1346.991,1275.042,1362.923,1204.226,1387.553,438.022,443.525,504.671,505.231,516.084,514.535,522.303,521.924,510.93,513.693,508.175,510.451,582.05,581.837,685.221,682.267,783.299,662.981,797.551,648.371,805.188,694.969
8.480,131.512,67.385,61.881,73.343,1240.832,1220.974,1286.189,1256.297,1215.441,1213.559,1199.11,1198.971,1196.794,1195.445,1202.081,1200.817,1262.914,1253.613,1226.9,1228.658,1280.677,1335.129,1300.674,1352.388,1234.154,1372.531,440.098,445.037,510.282,508.879,516.164,518.196,525.122,525.591,512.919,515.11,510.048,512.987,582.875,583.814,686.758,684.9,782.324,668.518,796.204,656.544,807.21,706.662
8.520,134.01,64.948,62.978,69.143,1237.822,1221.172,1276.407,1253.548,1209.503,1207.885,1194.65,1194.207,1193.035,1191.562,1199.079,1197.248,1270.455,1253.179,1246.469,1212.582,1305.729,1326.924,1326.039,1345.298,1259.596,1356.564,441.538,445.546,511.656,513.0,513.76,516.82,520.591,519.548,508.515,510.033,506.598,509.473,583.789,587.309,694.46,685.169,783.112,680.134,796.848,666.203,809.886,726.972
8.560,139.373,80.851,68.958,62.147,1236.43,1228.315,1270.45,1272.186,1205.887,1216.628,1188.659,1202.786,1186.239,1200.966,1193.184,1207.124,1274.165,1257.096,1266.956,1203.527,1330.963,1303.537,1352.176,1321.43,1289.786,1316.496,437.889,442.839,505.596,507.854,511.967,513.848,512.712,514.948,504.798,507.886,505.144,507.769,583.345,585.722,698.865,678.521,783.635,716.605,796.928,697.214,809.738,743.496
8.600,143.279,80.908,65.935,68.836,1236.771,1231.608,1263.182,1278.431,1198.401,1238.714,1181.544,1231.048,1180.008,1222.374,1186.165,1226.112,1274.331,1256.392,1282.122,1196.818,1356.579,1303.401,1375.409,1320.964,1313.88,1296.982,435.945,442.462,505.162,496.182,501.563,510.569,499.301,512.244,492.946,504.721,495.071,504.462,583.275,584.758,694.884,669.13,781.403,721.42,796.515,718.228,807.878,763.801
8.640,150.871,85.05,57.447,66.533,1234.06,1242.876,1256.807,1300.473,1193.525,1262.068,1176.521,1250.61,1177.575,1246.363,1183.284,1248.732,1272.728,1258.585,1298.274,1192.076,1375.277,1279.265,1397.111,1301.652,1348.094,1269.447,434.952,435.587,506.454,480.912,489.609,501.619,487.77,499.653,479.299,496.473,480.679,495.491,582.318,583.688,691.584,658.719,776.244,723.481,788.547,725.264,807.658,775.332
8.680,156.605,96.015,55.103,61.393,1234.423,1240.892,1252.946,1308.478,1190.347,1272.71,1175.983,1262.608,1177.824,1258.863,1182.64,1263.632,1276.625,1257.997,1317.882,1190.775,1392.571,1259.009,1410.843,1281.424,1371.944,1235.076,434.869,431.317,504.49,467.548,481.708,490.953,478.331,490.548,470.455,488.372,471.885,487.309,581.605,583.528,691.477,652.667,768.884,734.593,777.435,743.881,808.315,787.145
8.720,165.589,109.968,54.129,61.46,1234.247,1240.753,1249.273,1306.303,1189.922,1273.306,1175.516,1264.633,1178.129,1261.208,1182.838,1265.306,1278.01,1257.35,1333.488,1190.533,1405.878,1236.806,1424.602,1257.288,1390.309,1202.289,427.459,426.129,501.483,460.525,474.565,482.592,469.993,484.161,462.426,481.708,463.746,480.298,578.904,580.051,681.932,648.122,760.349,744.853,766.104,758.97,808.708,789.189
8.760,172.941,127.99,59.268,57.331,1233.458,1243.4,1244.342,1315.274,1187.173,1277.886,1174.103,1267.695,1177.425,1263.856,1181.376,1268.695,1277.718,1256.806,1343.89,1193.293,1415.555,1213.724,1434.937,1229.089,1412.696,1168.88,422.35,421.248,492.32,454.545,469.349,478.34,464.551,481.586,457.106,478.965,458.621,477.783,572.84,575.137,669.76,648.017,751.098,753.72,756.47,772.241,806.988,788.387
8.800,167.57,145.49,59.447,56.575,1230.041,1249.174,1243.114,1318.312,1190.059,1280.891,1176.074,1272.882,1179.102,1268.192,1183.82,1271.831,1276.274,1257.137,1343.024,1198.686,1427.154,1195.916,1445.136,1207.501,1432.788,1144.032,415.779,416.8,484.69,452.166,465.577,473.323,462.232,476.633,454.838,473.573,455.662,472.007,565.048,568.908,660.568,649.466,737.995,758.581,737.79,781.315,798.065,779.103
8.840,161.06,156.29,60.082,54.861,1230.086,1249.072,1243.142,1316.45,1192.19,1276.972,1178.3,1266.487,1180.976,1261.627,1185.83,1266.229,1275.514,1258.316,1346.22,1201.602,1440.148,1180.982,1460.017,1186.088,1443.599,1125.785,416.384,416.902,480.63,451.864,463.65,472.359,460.526,474.863,454.213,471.619,455.089,470.396,564.427,568.61,658.787,651.505,722.655,760.963,721.137,786.444,783.15,777.049
8.880,150.796,163.007,64.156,55.095,1229.448,1250.909,1243.094,1317.711,1193.584,1274.188,1179.692,1262.232,1182.356,1257.77,1188.421,1262.229,1275.353,1258.876,1343.009,1203.66,1446.95,1174.044,1468.986,1177.846,1460.187,1118.396,416.434,417.737,475.611,453.724,464.31,475.692,461.335,477.256,455.437,473.363,456.566,472.157,563.917,567.883,660.3,653.955,710.389,759.403,703.427,783.997,764.804,765.28
8.920,141.614,162.804,63.419,53.808,1229.793,1248.579,1245.54,1314.018,1194.512,1269.674,1180.533,1257.765,1183.163,1253.501,1188.887,1257.657,1272.561,1261.753,1338.541,1204.216,1445.746,1172.997,1465.672,1174.184,1479.955,1118.963,416.315,418.405,478.514,457.015,467.32,476.082,465.799,479.319,458.873,475.103,459.46,473.933,564.744,568.545,662.65,655.187,696.734,761.317,687.009,788.253,741.307,758.071
8.960,128.512,159.762,63.687,59.058,1230.092,1247.344,1247.234,1313.877,1196.362,1274.197,1181.87,1261.554,1184.881,1257.746,1189.978,1261.28,1271.319,1262.537,1330.865,1204.989,1441.155,1180.002,1457.159,1181.748,1483.845,1125.928,416.745,418.8,479.969,457.911,469.95,479.553,469.182,479.677,460.736,475.279,460.74,474.899,564.792,568.991,669.164,656.766,686.251,764.889,669.239,791.508,721.598,758.238
9.000,116.795,155.068,70.371,59.382,1230.499,1246.652,1248.059,1311.512,1198.182,1271.226,1182.007,1258.706,1185.181,1254.868,1190.549,1258.656,1270.895,1262.652,1328.734,1205.655,1435.501,1189.052,1447.912,1194.085,1479.622,1135.793,417.197,420.678,481.29,466.811,477.533,484.713,477.921,480.898,469.688,476.735,469.277,477.234,568.957,572.576,676.054,659.06,673.114,770.758,656.454,795.154,706.603,765.854
9.040,103.601,149.563,73.322,53.461,1230.654,1245.535,1256.204,1311.219,1203.169,1269.579,1185.956,1257.34,1188.605,1253.373,1193.765,1257.369,1271.018,1262.284,1314.924,1205.828,1426.101,1199.379,1440.086,1202.262,1470.285,1152.1,418.684,423.315,483.198,477.255,487.77,487.689,489.154,483.88,481.202,479.954,480.774,480.586,571.777,575.227,681.977,659.672,666.109,770.562,650.198,793.828,696.747,785.248
9.080,91.295,143.014,63.707,75.089,1231.444,1231.75,1280.482,1272.441,1214.412,1235.11,1195.238,1220.091,1196.099,1215.917,1201.651,1222.85,1270.241,1257.568,1298.787,1205.705,1411.669,1216.448,1420.44,1235.01,1456.193,1163.106,422.912,427.506,484.438,489.115,498.799,501.63,502.805,501.642,491.547,494.234,490.381,493.624,574.131,577.224,688.018,662.046,662.421,772.75,644.662,793.354,689.98,792.979
9.120,83.128,132.666,66.045,88.114,1233.065,1225.409,1283.507,1262.76,1217.872,1229.32,1201.675,1216.286,1200.523,1210.521,1205.303,1213.662,1270.008,1253.961,1282.696,1205.867,1393.109,1241.521,1401.153,1258.71,1454.018,1193.741,427.156,430.722,487.518,489.887,506.25,509.489,512.312,512.009,502.522,505.666,500.506,503.174,575.873,577.51,690.765,663.193,664.921,772.74,648.424,791.09,693.522,793.436
9.160,74.679,134.751,67.963,94.78,1233.068,1225.922,1283.063,1264.512,1219.297,1232.515,1203.233,1221.232,1201.825,1211.794,1206.524,1216.356,1269.818,1253.306,1261.535,1218.197,1372.766,1264.644,1387.201,1283.623,1422.462,1220.208,428.02,431.759,487.557,490.282,508.257,515.445,513.987,517.33,506.241,510.375,504.732,510.048,575.731,577.388,691.818,671.65,669.713,772.075,654.157,788.932,703.764,795.227
9.200,70.379,133.928,66.492,85.476,1233.863,1225.412,1288.994,1255.246,1225.117,1214.838,1208.79,1199.965,1204.64,1195.184,1209.844,1202.342,1270.25,1253.593,1245.654,1228.17,1358.915,1285.781,1376.064,1306.542,1391.853,1243.156,427.593,431.987,485.87,494.539,508.997,510.03,515.786,512.732,506.726,506.661,505.08,506.292,577.434,577.679,689.229,676.251,674.893,769.858,662.996,787.426,709.91,795.534
9.240,65.474,141.601,65.33,84.789,1235.028,1227.065,1294.942,1256.29,1232.704,1212.701,1216.472,1193.035,1213.083,1190.603,1216.979,1198.274,1269.03,1260.448,1228.214,1251.058,1345.516,1309.624,1362.556,1331.452,1371.403,1268.42,427.046,431.67,479.46,490.77,507.366,507.59,513.21,510.746,505.543,503.44,504.317,502.685,578.162,577.574,683.28,678.645,676.506,768.518,666.772,786.115,726.261,794.925
9.280,73.455,150.258,67.758,79.322,1240.172,1227.221,1301.53,1249.357,1242.349,1197.933,1226.238,1180.909,1222.747,1178.526,1226.006,1186.76,1268.515,1262.531,1218.336,1272.303,1327.872,1334.331,1344.67,1351.747,1332.159,1294.882,422.377,431.427,472.819,491.693,504.73,500.289,511.89,499.575,502.246,490.084,500.814,490.911,577.767,575.972,673.655,679.582,695.103,767.741,690.078,785.707,742.947,795.452
9.320,80.415,153.172,70.735,69.118,1242.857,1226.025,1304.843,1245.705,1248.1,1190.873,1232.034,1174.121,1227.732,1171.322,1231.581,1177.467,1268.351,1262.089,1207.809,1281.483,1319.397,1345.629,1335.693,1369.098,1312.667,1314.43,416.786,429.02,464.493,490.036,501.556,487.157,509.641,482.967,502.056,476.479,499.093,477.413,573.028,573.037,661.608,678.166,713.088,762.429,711.133,774.406,766.795,793.322
9.360,128.434,166.234,65.261,64.279,1243.8,1225.524,1307.238,1237.596,1248.492,1182.412,1234.671,1167.408,1229.749,1167.234,1232.89,1173.454,1266.657,1262.388,1250.925,1288.898,1312.923,1330.794,1344.158,1349.586,1289.914,1294.578,412.626,423.425,459.298,489.507,491.752,474.341,504.108,471.524,493.525,464.039,489.718,464.247,565.688,566.453,660.022,665.049,728.642,741.21,742.148,764.322,778.348,784.42
9.400,105.124,161.781,63.476,60.913,1244.846,1221.129,1308.33,1232.203,1250.248,1179.764,1235.938,1165.189,1231.599,1165.457,1234.911,1171.344,1263.76,1262.283,1201.101,1299.855,1268.402,1372.191,1289.283,1394.2,1239.879,1355.758,406.55,417.628,453.545,484.717,483.095,465.928,495.152,461.889,484.866,454.445,481.232,455.198,560.073,560.026,648.046,653.366,729.935,739.13,741.609,748.219,774.414,786.684
9.440,161.699,177.608,63.378,62.121,1244.543,1218.438,1307.565,1231.452,1249.19,1176.668,1235.169,1162.41,1231.314,1162.833,1234.768,1168.775,1262.028,1255.076,1298.253,1256.818,1373.34,1254.734,1394.885,1274.478,1361.606,1216.817,401.498,413.484,447.23,477.662,477.504,461.522,488.459,456.613,477.596,448.881,474.417,449.944,556.267,557.86,644.993,641.17,732.876,741.178,737.627,755.03,790.068,781.548
9.480,134.311,164.251,60.565,62.591,1243.973,1216.414,1310.525,1228.027,1250.168,1173.955,1236.063,1159.976,1232.503,1160.24,1235.942,1165.951,1255.525,1255.395,1196.616,1307.018,1220.405,1392.691,1236.308,1415.767,1175.07,1392.827,399.027,412.07,442.708,473.663,473.841,457.408,485.57,452.769,473.359,445.159,470.396,446.51,552.315,553.338,644.047,639.659,747.252,720.59,766.594,724.351,777.667,774.423
9.520,145.046,159.822,59.908,59.74,1243.7,1214.43,1308.61,1227.159,1251.221,1171.939,1236.733,1159.849,1233.514,1159.585,1237.354,1164.494,1254.197,1252.778,1190.677,1309.322,1193.24,1398.733,1206.907,1393.242,1140.232,1360.831,397.555,411.903,439.1,470.03,468.706,452.186,481.864,448.017,468.311,440.712,464.63,441.797,549.668,551.915,645.313,637.865,752.886,703.982,775.791,730.077,772.019,753.777
9.560,159.362,149.281,58.503,58.063,1243.637,1211.198,1308.931,1226.586,1251.055,1170.13,1236.002,1158.098,1232.996,1157.436,1236.81,1162.599,1250.688,1250.409,1192.799,1309.308,1174.727,1416.903,1178.679,1437.463,1116.941,1432.143,397.045,411.017,438.527,468.892,466.849,451.58,479.336,449.432,466.268,441.286,462.932,441.357,546.418,548.552,645.927,636.616,753.34,687.948,778.132,685.157,761.932,739.729
9.600,169.093,141.244,58.411,59.114,1240.409,1207.656,1307.436,1222.387,1250.754,1169.85,1235.051,1157.627,1232.02,1156.9,1235.84,1161.952,1247.25,1248.978,1194.391,1307.025,1161.641,1417.238,1162.65,1437.415,1105.406,1447.887,398.967,412.083,439.822,470.25,468.762,454.514,478.815,451.977,466.537,443.823,463.9,444.211,547.651,548.225,647.964,638.436,755.893,675.279,780.792,664.763,750.548,725.93
9.640,170.943,132.904,59.216,61.186,1238.502,1205.644,1306.33,1219.232,1250.252,1166.607,1234.843,1155.715,1231.137,1155.239,1235.232,1160.133,1244.08,1243.678,1193.233,1301.402,1158.227,1415.59,1159.444,1432.61,1103.322,1452.565,399.508,412.601,442.588,471.042,470.909,456.225,480.686,454.685,468.685,446.918,466.109,447.075,548.813,550.131,647.603,640.392,754.211,661.154,779.506,649.475,746.906,705.411
9.680,166.59,122.966,60.149,61.51,1233.824,1205.129,1300.487,1217.505,1246.563,1166.193,1232.111,1154.076,1228.695,1152.806,1232.809,1158.411,1242.221,1242.291,1190.8,1296.524,1161.522,1405.254,1164.0,1421.496,1105.885,1445.97,400.688,412.724,444.493,472.888,471.779,457.331,481.316,457.496,469.564,449.146,467.046,447.554,551.119,553.038,648.072,645.587,761.036,650.518,787.611,638.082,748.762,687.22
9.720,157.847,113.001,60.673,67.666,1233.685,1205.647,1294.72,1218.096,1238.456,1164.789,1219.417,1153.623,1219.223,1151.743,1223.694,1157.113,1241.025,1238.978,1188.209,1290.66,1172.88,1393.836,1177.902,1409.129,1115.536,1433.454,406.743,416.639,455.857,478.707,478.417,468.352,488.445,472.565,473.62,462.94,470.798,461.102,556.846,558.26,649.513,652.958,765.504,642.8,790.971,627.243,757.082,665.87
9.760,151.193,100.523,59.754,76.772,1230.409,1205.626,1288.612,1220.737,1227.648,1168.06,1209.234,1155.864,1208.725,1154.738,1212.689,1160.14,1240.009,1236.631,1187.79,1277.916,1186.729,1392.758,1196.096,1396.749,1131.883,1420.055,413.364,420.456,469.327,479.53,486.667,480.56,496.327,483.742,482.31,475.208,478.37,472.971,563.388,564.199,656.233,662.979,767.009,638.233,789.407,619.036,776.3,663.031
9.800,145.872,87.402,58.554,84.903,1224.538,1201.875,1283.76,1218.848,1220.595,1169.5,1202.735,1156.854,1200.326,1155.409,1204.486,1161.685,1239.808,1234.912,1187.134,1260.375,1196.733,1365.259,1197.864,1373.006,1148.019,1411.497,418.187,422.286,480.055,482.095,493.83,491.46,502.15,497.482,489.425,489.673,486.019,486.665,564.706,564.889,659.904,668.325,765.966,637.4,785.958,616.636,784.989,664.504
9.840,65.105,150.888,61.588,87.866,1218.774,1200.584,1273.759,1220.439,1208.318,1175.57,1188.376,1160.526,1186.164,1159.1,1192.133,1167.003,1239.563,1231.102,1209.307,1203.737,1333.055,1225.754,1347.399,1243.106,1380.587,1184.805,421.866,425.091,488.386,485.38,501.301,498.326,507.262,503.878,495.148,495.577,492.479,493.395,568.626,568.271,669.032,668.26,651.363,757.861,630.673,775.472,682.978,783.002
9.880,63.147,140.368,63.92,76.016,1216.37,1194.349,1261.8,1221.08,1192.382,1181.699,1172.732,1168.177,1172.888,1166.177,1178.933,1171.955,1239.511,1226.583,1208.612,1198.207,1320.478,1240.117,1333.77,1259.102,1366.637,1198.082,426.077,426.939,495.495,487.652,504.169,494.439,510.652,496.615,497.468,488.693,495.097,487.856,568.776,570.091,675.635,670.277,654.447,765.219,636.949,781.072,688.217,790.884
9.920,122.532,80.021,67.78,79.075,1211.258,1188.271,1247.81,1213.711,1184.568,1180.781,1167.423,1168.074,1165.483,1165.832,1171.151,1171.434,1240.094,1224.686,1207.967,1196.242,1276.965,1292.191,1291.487,1309.161,1258.773,1267.301,427.633,428.556,494.604,493.926,501.703,499.934,508.336,503.019,495.953,494.161,493.78,493.446,568.514,570.864,676.861,671.513,756.37,681.261,767.601,666.82,783.969,727.581
9.960,131.847,71.637,68.464,74.007,1205.474,1181.22,1241.152,1202.962,1177.439,1172.087,1161.213,1158.127,1157.842,1155.318,1163.809,1160.833,1239.528,1220.132,1217.121,1178.557,1282.015,1291.044,1301.745,1308.615,1245.916,1300.99,425.573,427.733,491.219,494.031,499.028,495.198,507.077,497.44,493.923,489.263,491.455,488.569,568.944,571.221,678.191,669.662,765.69,678.58,780.138,668.306,793.438,727.11
10.000,140.295,79.019,69.83,59.411,1201.729,1182.399,1227.408,1212.827,1162.288,1182.692,1144.678,1173.8,1144.305,1171.062,1151.794,1177.159,1237.853,1218.571,1232.91,1165.673,1299.296,1265.642,1318.129,1281.497,1258.771,1257.01,423.944,427.461,492.941,497.429,493.219,493.683,494.117,498.108,483.245,487.551,483.726,486.115,570.17,571.232,677.534,661.131,765.411,696.515,778.725,674.613,795.195,732.756
10.040,146.024,84.151,61.318,63.599,1191.856,1188.503,1214.714,1253.472,1154.647,1224.669,1136.95,1215.361,1137.681,1211.845,1144.196,1213.851,1234.218,1218.447,1245.723,1157.092,1317.841,1249.85,1339.074,1269.998,1278.483,1246.847,423.024,422.394,493.217,467.495,481.927,483.35,479.527,484.888,469.824,480.589,471.333,478.899,568.706,569.31,675.285,650.7,760.815,706.792,774.418,708.062,794.047,760.127
10.080,151.734,95.211,56.282,61.482,1186.627,1188.832,1201.505,1260.295,1149.498,1228.293,1134.106,1218.351,1137.307,1213.204,1142.247,1216.079,1230.899,1215.43,1258.35,1152.905,1333.744,1228.612,1353.974,1249.902,1305.321,1207.517,417.848,417.458,492.05,456.208,470.635,477.001,466.523,477.853,458.399,474.474,459.718,472.777,567.84,568.5,673.569,642.017,754.927,719.303,766.722,726.049,792.303,771.172
10.120,162.859,109.753,53.393,65.121,1184.088,1190.427,1194.677,1258.078,1146.826,1226.275,1130.821,1216.14,1134.157,1211.837,1139.307,1214.924,1230.185,1210.883,1272.782,1148.155,1347.267,1201.088,1367.695,1222.903,1332.517,1167.266,411.388,410.788,489.701,450.116,463.279,472.343,458.92,473.255,450.984,470.218,452.283,468.48,563.559,565.277,664.648,637.402,753.445,731.985,762.534,744.872,792.603,778.622
10.160,170.794,129.067,55.201,64.777,1179.842,1190.766,1187.558,1257.473,1144.938,1220.734,1128.694,1211.308,1132.006,1207.483,1137.671,1210.443,1225.971,1203.731,1281.596,1146.985,1354.203,1173.885,1376.17,1191.535,1346.33,1132.935,405.044,406.228,479.847,445.135,456.31,470.408,452.211,471.734,444.223,468.705,445.966,466.762,559.002,560.476,656.005,636.313,745.547,743.191,752.452,761.016,792.572,778.442
10.200,172.529,147.101,51.176,66.43,1174.851,1191.091,1184.518,1255.088,1142.344,1223.878,1126.37,1215.028,1130.07,1210.564,1135.275,1213.329,1222.361,1200.049,1284.875,1148.152,1361.499,1147.522,1379.101,1159.555,1362.981,1101.144,403.442,403.279,478.371,442.078,452.555,464.096,449.004,467.389,440.007,464.42,441.548,462.122,557.027,558.558,647.822,637.783,732.866,747.752,735.975,769.732,787.9,770.576
10.240,165.215,159.947,51.765,70.377,1175.717,1185.842,1182.292,1251.549,1138.021,1226.999,1123.186,1219.143,1127.333,1215.186,1132.108,1217.75,1220.172,1199.533,1285.006,1150.048,1372.44,1129.659,1394.141,1136.691,1380.389,1073.956,402.427,402.356,476.528,441.286,447.597,461.69,443.356,466.606,435.092,463.754,436.85,461.182,553.368,555.965,646.007,639.909,719.968,750.282,719.117,774.312,779.711,766.837
10.280,155.506,167.814,50.38,62.254,1171.317,1186.957,1180.615,1256.813,1138.804,1226.671,1125.213,1217.454,1129.221,1212.851,1134.447,1215.646,1215.401,1200.947,1279.66,1152.029,1378.928,1117.1,1400.275,1118.271,1392.985,1059.767,403.267,402.544,476.825,441.02,450.275,460.902,447.081,465.461,438.699,462.828,439.956,460.358,552.636,555.255,646.726,640.577,706.785,750.411,702.613,775.964,762.875,751.405
10.320,148.249,170.673,51.674,62.877,1168.425,1187.509,1181.702,1255.046,1137.763,1225.01,1124.225,1216.494,1128.492,1210.443,1133.568,1212.543,1208.138,1201.781,1274.353,1151.573,1379.629,1111.847,1399.821,1111.047,1409.412,1055.698,404.178,403.827,477.028,443.474,453.669,462.582,450.251,464.388,442.215,461.931,443.406,460.109,553.527,555.941,648.267,644.497,693.603,752.324,682.656,778.772,742.636,746.0
10.360,135.774,168.532,55.613,59.092,1168.258,1187.72,1180.57,1254.682,1134.424,1219.799,1122.353,1209.864,1127.155,1205.357,1130.642,1206.559,1207.059,1201.263,1271.246,1150.402,1374.15,1114.716,1393.26,1116.308,1416.243,1063.211,404.544,404.062,477.153,446.151,455.867,463.878,452.43,465.276,444.802,462.709,445.769,460.962,556.075,559.142,658.17,647.694,683.097,754.949,666.622,780.752,723.503,746.064
10.400,118.928,161.467,59.418,64.553,1167.479,1184.836,1184.667,1247.998,1133.749,1210.277,1121.082,1200.314,1125.036,1197.797,1128.613,1199.303,1203.888,1200.852,1256.233,1147.988,1365.638,1119.405,1383.002,1122.576,1406.191,1065.423,407.543,407.18,477.493,455.702,462.143,474.939,457.57,472.185,450.86,470.262,452.758,470.193,561.776,565.872,668.411,649.318,673.729,765.497,656.215,790.881,703.629,753.397
10.440,102.015,153.605,68.192,56.861,1165.768,1177.082,1187.544,1245.04,1136.011,1199.573,1120.853,1188.321,1124.274,1186.231,1128.187,1188.088,1200.723,1200.355,1240.918,1145.45,1356.206,1130.841,1365.35,1137.555,1395.344,1082.049,410.94,413.718,479.989,467.462,476.111,482.695,473.862,478.584,466.255,475.098,467.188,475.382,565.529,568.741,678.67,651.726,663.403,769.088,644.394,793.899,691.218,771.516
10.480,90.151,148.841,70.399,54.346,1166.41,1167.316,1194.724,1231.77,1137.954,1181.616,1122.505,1174.583,1125.094,1169.6,1129.37,1171.345,1199.189,1191.221,1222.447,1140.306,1337.503,1140.923,1345.939,1142.779,1384.823,1095.326,415.969,419.488,485.141,480.317,487.778,490.069,489.237,489.575,478.281,482.974,478.22,482.845,570.507,571.765,685.084,657.004,662.044,771.617,646.427,795.469,688.783,788.605
10.520,79.927,143.707,67.225,65.195,1166.509,1160.262,1205.438,1211.498,1139.259,1157.843,1124.067,1145.972,1125.986,1141.793,1130.562,1146.46,1196.96,1183.045,1204.239,1141.293,1314.642,1161.797,1326.908,1181.846,1363.48,1112.928,421.003,425.229,487.131,487.408,496.09,501.467,500.995,504.831,491.441,497.303,489.901,495.835,575.689,576.377,690.393,662.731,663.471,773.481,646.898,794.422,691.138,795.053
10.560,70.373,135.702,70.253,78.978,1166.777,1158.063,1210.527,1194.772,1144.4,1149.712,1127.825,1137.077,1126.671,1133.22,1131.178,1137.806,1197.88,1183.157,1184.844,1144.168,1293.153,1183.72,1306.842,1203.622,1342.677,1138.754,425.752,429.592,490.215,493.286,507.214,508.743,514.908,513.346,503.428,505.393,500.668,503.424,580.13,578.677,692.12,671.615,667.141,771.825,651.811,790.586,695.578,798.75
10.600,65.935,134.297,70.908,87.129,1166.49,1156.824,1214.877,1187.781,1148.555,1146.489,1130.18,1130.972,1127.176,1127.633,1132.215,1134.481,1196.158,1184.339,1165.937,1154.167,1276.807,1205.504,1291.509,1229.045,1313.638,1162.145,426.872,431.427,489.575,495.379,511.849,512.871,520.403,517.277,508.91,509.224,506.497,507.795,580.987,578.947,689.404,677.181,672.856,771.227,659.003,789.764,702.6,799.886
10.640,61.592,143.311,70.553,86.589,1166.77,1158.374,1218.618,1184.126,1154.575,1141.173,1139.035,1121.976,1131.895,1120.002,1136.599,1128.595,1194.348,1184.905,1150.047,1173.401,1263.636,1226.972,1282.23,1249.961,1293.445,1185.812,427.334,431.189,489.424,494.756,513.261,509.247,523.441,512.957,511.767,505.484,508.636,504.798,580.809,578.158,686.911,680.677,675.481,772.406,660.349,790.246,725.439,800.031
10.680,64.843,147.887,68.701,76.093,1166.766,1156.811,1222.845,1190.578,1160.882,1135.644,1144.73,1119.728,1138.683,1116.289,1142.766,1128.322,1192.521,1186.964,1134.829,1189.561,1247.823,1249.737,1266.619,1271.414,1259.851,1212.303,426.499,432.142,483.797,492.979,510.207,507.828,521.165,511.178,508.225,502.527,505.195,503.043,579.935,577.79,679.392,683.549,689.199,774.399,680.384,791.829,741.97,802.791
10.720,74.388,148.766,66.048,76.775,1166.82,1154.332,1228.892,1175.704,1167.302,1113.822,1149.964,1098.058,1146.198,1095.725,1149.358,1102.486,1190.984,1187.561,1125.015,1198.729,1231.85,1270.902,1249.505,1293.104,1232.426,1232.386,425.364,431.327,475.026,492.351,506.932,498.939,517.084,498.452,504.52,489.471,501.846,488.909,579.164,577.813,667.48,679.318,708.804,773.332,708.31,790.838,762.034,803.43
10.760,78.492,154.566,66.521,73.113,1169.442,1152.375,1233.768,1165.268,1172.475,1107.907,1155.938,1091.482,1151.834,1089.666,1154.463,1095.977,1188.377,1186.033,1112.891,1210.724,1211.596,1286.888,1230.758,1307.238,1195.034,1253.921,421.313,430.438,467.762,493.091,504.138,487.812,513.508,484.713,501.497,476.141,499.025,476.111,578.979,577.489,656.943,677.362,719.987,770.348,721.703,783.241,773.162,802.53
10.800,91.664,159.34,67.844,65.564,1171.557,1148.256,1236.406,1159.3,1175.777,1102.16,1160.898,1087.065,1156.716,1086.484,1159.633,1092.254,1185.379,1183.633,1109.18,1221.579,1186.12,1297.787,1206.936,1321.675,1159.478,1275.517,415.741,429.88,461.598,492.385,500.341,477.697,511.263,473.823,499.511,465.484,497.648,466.106,573.5,572.75,651.035,673.629,731.173,760.454,740.014,771.788,780.572,803.02
10.840,105.7,163.122,68.217,58.176,1172.371,1144.697,1236.918,1157.266,1176.988,1098.4,1161.875,1084.323,1158.376,1083.24,1162.2,1089.214,1181.023,1180.607,1106.397,1229.361,1162.969,1307.431,1183.871,1333.845,1126.904,1299.38,410.618,425.237,456.716,489.802,495.165,467.431,507.48,464.674,495.521,456.368,492.985,456.486,568.955,569.066,648.585,666.98,742.153,749.686,757.98,755.056,783.919,801.185
10.880,163.353,136.305,64.889,58.36,1172.372,1140.516,1237.67,1150.528,1178.168,1095.141,1164.48,1081.842,1160.842,1080.959,1164.475,1086.58,1182.631,1163.313,1225.218,1116.834,1305.836,1144.746,1326.67,1162.529,1302.042,1103.938,406.688,420.292,451.405,485.638,486.433,462.208,498.857,458.889,487.742,450.593,484.66,450.969,563.357,566.322,651.198,655.67,739.141,751.676,742.601,760.383,799.779,791.201
10.920,146.673,160.331,63.646,61.631,1171.394,1140.385,1237.537,1146.293,1180.458,1094.483,1165.647,1081.038,1163.569,1080.261,1167.111,1085.887,1173.908,1169.955,1118.276,1223.242,1122.554,1317.013,1134.153,1341.171,1068.678,1323.92,406.268,417.953,448.011,482.281,482.838,460.159,495.405,457.668,482.839,449.445,479.238,449.874,559.504,560.927,651.781,651.01,761.038,728.93,781.665,731.084,782.723,786.498
10.960,154.432,152.348,63.655,57.066,1171.103,1136.157,1237.077,1146.697,1180.773,1095.825,1166.319,1081.302,1164.265,1080.333,1167.828,1086.565,1172.531,1170.881,1110.995,1229.902,1097.002,1333.971,1101.925,1356.918,1042.163,1347.26,405.738,418.441,447.691,481.307,481.793,459.276,493.05,457.751,481.189,449.465,477.889,449.594,557.312,559.499,653.635,652.015,767.535,711.645,793.652,709.693,779.502,769.431
11.000,163.684,144.367,64.688,57.831,1170.762,1134.758,1236.073,1145.383,1180.036,1094.898,1165.358,1081.15,1162.874,1080.147,1166.563,1086.186,1171.826,1169.497,1114.645,1227.323,1085.702,1337.92,1088.469,1357.313,1029.828,1361.16,404.886,418.551,449.922,481.316,482.404,460.342,493.333,459.483,481.218,451.114,477.861,451.047,558.621,560.269,654.852,653.752,767.55,699.851,793.329,692.765,771.612,751.577
11.040,168.85,137.341,64.116,58.344,1169.915,1134.001,1235.147,1147.103,1178.506,1096.852,1163.811,1081.815,1161.688,1080.848,1165.51,1087.571,1169.451,1167.09,1115.859,1222.975,1081.609,1333.995,1082.472,1351.456,1025.552,1370.057,405.798,418.948,452.196,481.33,483.197,463.244,493.473,462.255,481.868,454.187,478.691,454.107,558.898,560.505,659.25,655.162,771.593,688.646,797.551,676.213,768.729,735.129
11.080,167.31,125.617,62.831,60.931,1168.64,1134.727,1234.391,1149.84,1175.39,1098.845,1163.248,1083.202,1160.546,1081.96,1164.334,1089.004,1168.029,1167.823,1115.201,1218.156,1084.408,1330.973,1086.259,1346.982,1029.916,1369.204,410.682,419.386,455.549,481.939,487.614,467.81,498.651,465.803,485.179,459.601,481.403,460.065,563.061,562.796,662.87,662.714,776.192,680.341,803.105,667.456,767.881,721.229
11.120,159.947,117.92,61.302,66.084,1167.405,1134.758,1230.924,1151.814,1171.219,1100.313,1156.901,1085.284,1154.158,1084.332,1158.967,1090.992,1167.161,1166.096,1113.749,1217.676,1097.504,1323.553,1103.78,1338.377,1039.449,1359.211,419.232,422.692,468.035,488.033,494.326,479.612,504.795,480.204,490.762,474.164,486.432,473.571,567.245,566.564,667.292,670.983,782.246,674.0,806.726,658.949,778.218,711.825
11.160,153.179,103.61,63.699,73.07,1164.374,1134.333,1223.104,1152.19,1165.243,1100.433,1148.009,1085.232,1146.386,1084.109,1150.876,1091.049,1167.865,1164.838,1113.402,1201.677,1109.421,1314.124,1119.328,1335.007,1056.661,1340.306,425.691,425.259,481.284,492.309,502.654,490.487,513.144,494.599,499.382,487.996,494.842,485.823,572.178,571.581,671.143,679.444,784.898,669.119,807.002,653.43,795.477,704.076
11.200,146.876,93.427,66.56,79.132,1158.247,1133.196,1216.643,1156.354,1154.951,1109.279,1134.776,1091.949,1132.978,1090.143,1137.68,1098.905,1167.513,1163.652,1112.768,1184.734,1120.939,1295.346,1120.321,1306.94,1073.955,1329.19,428.183,429.454,491.009,494.08,512.815,501.406,522.071,506.961,507.445,499.526,504.41,496.92,575.579,574.419,675.122,685.396,783.406,671.169,802.992,655.719,805.01,705.057
11.240,141.513,81.037,64.59,78.762,1153.964,1133.693,1207.289,1161.84,1139.816,1112.006,1120.491,1096.255,1116.659,1093.467,1122.287,1101.626,1165.882,1163.89,1118.187,1156.72,1140.388,1273.925,1156.204,1289.821,1090.198,1312.652,436.644,436.022,500.373,501.597,517.836,512.184,526.874,518.763,513.632,511.06,510.705,507.366,585.306,581.703,682.579,684.605,783.83,674.398,801.581,660.237,808.0,712.316
11.280,129.516,71.321,65.077,78.601,1150.024,1128.577,1197.498,1156.188,1129.695,1111.821,1110.317,1096.798,1108.743,1095.256,1114.833,1102.206,1166.662,1157.684,1121.349,1128.333,1168.808,1253.956,1190.273,1272.896,1118.679,1289.299,439.709,441.161,508.454,509.678,520.051,517.94,527.295,525.977,515.45,517.217,512.362,513.509,587.454,585.441,689.192,684.038,784.48,679.429,801.53,664.992,810.637,719.896
11.320,124.726,74.161,67.141,77.704,1147.25,1124.977,1186.86,1151.427,1119.869,1110.519,1101.506,1096.292,1101.162,1094.743,1107.498,1101.412,1167.158,1154.781,1126.794,1128.436,1191.24,1240.72,1211.772,1260.938,1141.86,1268.499,440.639,440.579,514.183,509.062,520.571,515.41,526.997,519.175,514.824,510.963,512.32,509.551,584.366,583.433,691.202,685.167,784.703,682.579,801.079,669.968,811.641,735.039
11.360,132.484,73.883,70.902,73.054,1141.163,1126.397,1173.704,1140.01,1109.006,1106.134,1092.632,1089.351,1092.786,1090.214,1099.397,1097.412,1167.545,1151.968,1146.043,1112.251,1214.152,1223.273,1235.461,1244.546,1166.956,1239.713,437.249,439.801,511.424,517.761,516.617,513.578,522.753,513.757,513.455,505.598,509.107,505.619,585.086,585.475,695.669,685.261,787.671,696.12,803.407,686.302,813.494,748.894
11.400,141.501,79.541,68.074,70.18,1137.601,1129.592,1161.714,1164.477,1098.691,1115.028,1081.043,1102.311,1079.841,1096.831,1087.574,1102.537,1167.894,1152.081,1166.872,1099.217,1236.178,1206.576,1256.007,1226.974,1193.834,1215.209,435.335,438.546,511.527,500.883,506.717,509.08,505.839,510.277,498.426,502.157,498.907,501.881,585.381,585.619,696.258,676.299,785.058,714.912,800.987,708.874,813.181,761.438
11.440,146.197,84.984,60.588,65.863,1134.4,1137.599,1153.525,1192.794,1091.566,1164.116,1072.477,1155.946,1072.969,1151.336,1080.127,1155.365,1168.142,1153.539,1180.667,1092.239,1256.585,1186.407,1277.131,1208.503,1215.046,1177.812,434.354,432.679,508.575,477.862,492.016,492.197,487.483,492.285,478.725,490.757,481.154,489.592,584.753,584.545,692.941,664.577,782.124,724.418,794.476,730.759,810.745,776.254
11.480,152.838,95.493,59.111,63.461,1134.826,1138.312,1144.157,1201.93,1085.288,1163.909,1068.088,1153.254,1071.008,1148.331,1076.892,1151.413,1168.318,1152.325,1198.934,1088.436,1274.99,1164.703,1297.082,1185.456,1246.14,1144.286,429.826,426.139,505.508,469.791,479.469,490.871,473.55,490.556,464.427,487.794,466.664,486.484,582.175,582.365,691.057,656.793,772.996,736.146,783.462,744.77,809.595,787.246
11.520,158.254,110.965,53.439,65.754,1131.337,1138.069,1141.026,1203.843,1084.954,1162.747,1066.763,1152.938,1070.478,1148.448,1075.968,1151.333,1168.189,1147.919,1211.864,1086.408,1288.691,1141.089,1309.468,1161.121,1266.298,1107.539,420.18,417.32,502.354,463.302,470.193,487.797,464.491,487.52,454.817,483.827,456.569,482.78,574.294,575.812,683.746,650.883,764.706,746.731,773.422,759.388,809.176,791.756
11.560,166.504,127.531,55.223,65.998,1131.931,1138.041,1136.574,1205.576,1084.037,1164.768,1067.143,1156.086,1071.308,1150.918,1076.638,1154.109,1167.085,1143.797,1221.994,1085.337,1299.871,1115.165,1319.317,1132.916,1282.745,1073.501,413.943,413.569,493.545,455.487,461.427,483.189,455.628,484.241,445.634,480.385,448.416,479.03,567.41,570.829,668.098,649.509,754.282,754.525,760.702,772.924,809.253,790.092
11.600,170.052,141.886,54.998,66.441,1126.492,1139.392,1132.526,1205.093,1082.168,1163.785,1066.529,1154.683,1070.953,1150.838,1075.878,1154.173,1165.567,1145.299,1229.429,1087.714,1308.866,1095.365,1329.267,1108.373,1308.916,1041.669,408.839,409.159,485.376,451.498,455.72,478.987,450.244,480.14,441.517,476.88,443.501,475.48,561.103,564.782,658.565,649.721,743.208,759.733,745.445,781.293,807.469,783.464
11.640,164.936,155.942,54.857,68.321,1126.938,1137.542,1128.899,1202.703,1084.112,1163.624,1069.57,1153.68,1073.908,1149.926,1078.555,1153.886,1164.437,1145.794,1232.888,1090.853,1318.832,1075.497,1339.85,1083.333,1325.122,1020.399,407.487,407.207,482.036,449.316,452.238,477.139,448.167,478.482,441.01,474.798,442.18,472.967,559.309,563.0,657.447,651.217,729.665,762.497,731.903,787.9,789.958,781.565
11.680,154.11,163.979,56.461,68.112,1126.486,1137.317,1130.238,1201.828,1081.438,1162.656,1066.953,1151.863,1072.087,1148.425,1076.629,1151.903,1164.685,1145.731,1228.624,1092.641,1326.105,1063.763,1347.357,1068.716,1338.61,1006.06,407.919,406.972,482.431,450.55,453.506,477.044,450.031,477.222,441.226,473.481,442.183,471.882,560.85,564.41,657.458,653.118,715.136,761.82,713.032,787.321,773.699,766.136
11.720,144.716,167.32,57.71,65.924,1125.216,1136.586,1130.649,1201.762,1081.808,1163.15,1066.817,1151.187,1071.876,1147.742,1076.619,1150.783,1162.64,1145.951,1224.858,1094.5,1328.717,1060.029,1349.522,1062.999,1352.797,1005.066,409.236,408.53,483.688,452.933,457.591,476.741,454.465,475.328,446.009,471.656,446.893,471.075,562.416,565.288,660.61,653.717,703.325,762.955,695.044,789.056,756.15,758.852
11.760,131.89,165.629,59.965,67.596,1121.963,1137.722,1129.196,1199.816,1081.75,1165.528,1065.508,1152.682,1069.631,1148.062,1074.947,1151.221,1160.456,1147.255,1218.339,1094.601,1329.481,1061.738,1347.851,1064.626,1366.08,1006.879,409.218,409.537,482.461,455.919,460.943,476.388,458.218,475.169,449.388,471.297,450.299,470.676,562.719,565.479,665.722,654.177,690.475,766.391,674.5,793.312,736.481,758.518
11.800,119.253,159.44,63.779,70.092,1123.299,1135.745,1141.447,1198.522,1084.315,1162.604,1068.334,1150.456,1071.999,1146.261,1077.087,1149.362,1159.504,1147.879,1216.166,1093.666,1324.512,1071.417,1339.877,1075.105,1363.919,1018.168,409.785,410.349,479.165,457.976,467.476,481.217,465.586,479.551,455.998,475.338,457.213,474.846,564.465,566.244,673.51,654.748,676.908,769.967,661.384,796.241,713.694,762.597
11.840,103.35,151.256,67.089,67.71,1124.493,1135.367,1155.439,1197.799,1085.806,1161.47,1069.786,1149.344,1072.188,1145.877,1077.974,1148.634,1159.402,1148.15,1201.808,1093.074,1312.831,1085.819,1329.846,1094.461,1356.303,1032.297,410.178,411.942,480.324,467.756,481.411,485.407,482.047,482.237,472.551,477.051,472.524,477.284,567.286,568.338,681.952,655.722,668.427,775.057,652.983,799.441,699.551,785.166
11.880,90.43,147.084,69.833,55.22,1125.169,1131.248,1164.569,1190.355,1096.086,1151.804,1077.215,1147.192,1078.275,1136.444,1083.829,1138.651,1158.336,1147.091,1185.617,1092.735,1305.153,1092.999,1312.383,1112.994,1345.217,1044.345,411.947,414.399,480.939,480.677,492.477,485.374,496.984,483.546,487.283,477.136,485.943,477.668,573.718,571.552,688.688,655.939,661.269,772.462,642.079,794.219,688.736,794.855
11.920,79.389,134.066,72.305,86.381,1126.279,1123.874,1173.176,1162.766,1109.603,1122.609,1093.762,1111.64,1090.012,1103.05,1095.17,1107.301,1158.598,1145.518,1168.983,1093.692,1281.272,1123.055,1291.312,1142.769,1334.535,1075.203,413.748,418.491,481.444,483.698,500.902,504.331,510.039,508.561,499.677,500.247,496.896,497.085,575.515,573.604,692.388,657.654,660.849,773.053,639.727,792.558,687.4,796.419
11.960,71.519,135.727,74.108,104.062,1128.772,1120.682,1180.299,1157.944,1118.499,1128.018,1101.289,1117.327,1097.821,1108.786,1103.095,1112.533,1160.758,1145.643,1154.122,1107.53,1263.08,1150.776,1277.301,1170.906,1318.839,1104.636,416.34,420.84,481.625,484.126,507.085,513.587,515.743,520.812,506.246,510.676,503.434,508.822,575.621,573.986,693.151,670.127,663.447,773.772,641.207,792.352,693.533,798.333
12.000,64.881,137.824,71.53,90.304,1133.908,1122.175,1191.057,1151.287,1128.46,1109.062,1111.049,1094.014,1104.521,1089.989,1110.768,1097.584,1163.456,1147.863,1135.181,1124.205,1247.933,1177.935,1265.434,1200.209,1293.46,1132.827,418.301,423.908,478.56,489.137,507.766,508.251,518.191,515.031,508.56,506.559,504.924,504.578,575.553,574.275,690.254,677.973,667.783,773.625,647.789,792.283,706.012,801.989
12.040,61.583,141.739,72.568,76.34,1140.818,1122.724,1199.848,1154.923,1141.087,1101.093,1124.063,1085.158,1119.237,1081.0,1123.693,1089.548,1167.376,1160.186,1121.869,1147.031,1238.009,1202.947,1256.614,1226.74,1267.297,1159.261,418.152,426.759,475.449,494.294,507.248,505.57,517.07,509.594,507.259,501.931,504.332,500.719,575.306,574.385,683.573,680.247,672.147,772.658,657.591,791.186,713.015,800.793
12.080,60.723,149.059,68.721,77.377,1146.403,1123.362,1210.137,1152.561,1149.44,1097.096,1133.49,1080.591,1129.564,1076.556,1133.602,1083.206,1172.1,1166.883,1109.901,1171.389,1227.614,1230.605,1246.223,1249.817,1240.707,1188.63,417.876,425.682,470.213,490.581,504.315,501.967,515.141,502.07,503.518,494.58,500.136,494.518,575.161,574.374,670.219,682.359,678.286,772.403,670.051,790.654,738.214,801.489
12.120,72.095,149.157,70.366,67.302,1149.732,1123.605,1217.427,1149.982,1157.792,1086.486,1142.757,1072.569,1137.556,1071.847,1140.924,1077.019,1174.618,1166.768,1101.681,1181.596,1210.347,1255.457,1229.775,1277.139,1216.986,1212.953,412.903,425.192,461.332,488.34,502.758,488.309,510.751,485.682,499.7,476.949,496.941,477.165,565.045,567.519,659.043,678.893,698.388,771.993,695.423,790.425,749.67,802.358
12.160,80.606,152.062,70.09,62.188,1155.15,1126.626,1225.423,1145.868,1166.307,1086.976,1149.818,1073.63,1144.764,1072.742,1148.374,1078.285,1175.979,1169.805,1097.786,1196.988,1195.826,1275.327,1216.687,1295.792,1180.775,1243.934,406.776,423.244,454.614,487.197,497.32,475.679,509.668,471.864,498.784,464.563,494.828,465.543,564.086,566.518,651.361,676.687,713.735,764.309,715.263,777.435,768.477,800.271
12.200,175.012,151.913,70.0,58.353,1157.688,1129.199,1227.216,1144.181,1171.705,1087.018,1154.019,1074.61,1150.513,1073.679,1154.872,1079.161,1177.113,1168.45,1198.085,1169.25,1210.226,1211.875,1226.469,1244.015,1166.063,1195.04,402.344,419.569,447.059,483.613,489.277,464.509,503.247,461.688,492.325,454.379,487.472,455.116,560.13,562.884,658.333,652.869,756.261,731.059,770.067,764.445,775.404,781.321
12.240,116.356,165.565,69.764,60.419,1161.149,1132.238,1230.19,1142.986,1176.616,1087.596,1159.928,1075.96,1155.72,1075.575,1159.146,1080.717,1176.639,1171.923,1109.759,1222.241,1159.43,1298.048,1180.03,1323.197,1121.493,1289.091,397.708,413.742,440.25,477.351,482.293,457.201,495.87,451.551,486.37,444.346,481.57,445.925,553.1,554.281,642.434,653.64,740.668,739.948,756.35,750.428,777.517,790.534
12.280,142.917,143.646,67.578,61.325,1165.205,1134.202,1235.797,1145.096,1182.512,1092.958,1166.945,1079.913,1164.018,1079.008,1166.597,1084.825,1177.208,1171.384,1165.981,1188.335,1227.6,1296.112,1252.18,1273.064,1162.493,1259.537,394.591,407.941,434.894,470.163,476.308,452.471,489.469,450.074,478.186,442.383,473.644,443.195,550.968,552.184,650.34,644.131,754.376,745.343,768.752,763.348,789.045,790.81
12.320,142.965,163.805,62.966,64.068,1168.075,1136.553,1241.796,1147.339,1187.869,1095.062,1173.463,1082.758,1170.794,1081.354,1172.937,1086.632,1177.191,1177.438,1114.022,1241.894,1120.483,1332.241,1133.151,1354.766,1064.68,1334.713,393.539,403.742,433.312,465.543,470.541,450.522,483.975,448.194,472.604,439.915,468.086,440.711,549.938,550.021,644.429,645.165,757.451,720.144,780.222,723.022,777.24,777.813
12.360,155.081,155.9,60.885,64.108,1172.275,1140.229,1246.401,1151.412,1192.081,1102.637,1176.328,1090.167,1174.387,1087.698,1177.527,1093.405,1179.602,1181.354,1118.564,1248.485,1102.147,1347.391,1107.791,1369.799,1040.948,1360.396,394.073,401.981,435.676,465.489,469.07,451.59,482.041,449.229,469.193,440.652,464.562,441.106,548.196,548.684,642.916,644.758,761.553,704.082,787.129,703.299,773.595,759.515
12.400,164.93,146.239,64.848,62.706,1177.067,1142.684,1244.395,1159.242,1189.651,1109.659,1174.716,1095.738,1171.855,1093.876,1174.302,1100.378,1181.791,1181.761,1124.007,1246.828,1091.919,1357.125,1093.885,1379.94,1034.606,1376.047,392.412,401.344,438.494,463.369,470.687,452.516,482.991,450.517,470.659,442.032,466.431,442.633,549.55,550.653,646.868,646.15,761.558,690.648,789.784,684.769,761.913,744.527
12.440,166.232,136.848,64.986,67.768,1179.966,1149.316,1245.933,1170.596,1190.142,1116.912,1174.556,1101.825,1171.158,1100.394,1174.554,1106.63,1183.728,1183.134,1126.507,1244.269,1092.594,1358.895,1093.734,1377.945,1034.753,1388.048,393.888,401.609,440.561,456.237,472.391,455.348,484.348,453.127,472.274,445.726,468.266,446.256,550.805,551.885,648.422,647.676,762.106,676.898,791.06,664.462,756.223,728.846
12.480,160.558,125.166,60.379,68.675,1184.098,1156.711,1251.199,1177.011,1192.255,1120.925,1174.817,1105.623,1171.826,1104.422,1176.251,1110.91,1189.339,1186.976,1127.514,1239.878,1100.045,1355.098,1101.844,1372.555,1043.081,1389.551,396.945,402.4,446.01,457.359,472.506,456.327,484.644,455.881,473.057,450.312,469.33,450.892,555.536,557.504,651.423,651.228,766.986,662.777,795.956,649.844,756.165,706.033
12.520,156.555,111.173,61.358,74.017,1187.646,1159.964,1250.526,1182.542,1190.126,1126.791,1173.107,1111.532,1170.178,1109.792,1174.195,1117.006,1191.015,1189.093,1130.718,1232.675,1114.407,1350.38,1119.737,1363.295,1059.087,1395.445,401.064,403.619,457.215,459.536,478.715,465.4,489.447,468.945,477.674,462.745,473.148,461.808,556.83,559.178,655.623,658.514,772.386,653.343,797.757,638.475,764.846,690.548
12.560,156.039,101.4,62.366,72.647,1188.473,1165.529,1248.624,1193.501,1188.16,1131.988,1171.132,1116.166,1168.569,1114.484,1172.64,1122.19,1193.458,1193.956,1137.2,1227.603,1125.588,1339.536,1128.166,1354.051,1077.856,1383.67,407.138,409.935,471.669,468.446,488.271,477.309,496.029,481.636,483.663,474.724,480.116,473.014,561.585,562.891,660.405,665.08,776.894,651.684,799.767,633.234,781.436,681.002
12.600,149.019,90.387,62.551,73.373,1189.454,1166.491,1248.465,1201.464,1186.847,1148.074,1170.106,1130.254,1166.975,1128.441,1171.906,1138.018,1199.161,1197.142,1145.067,1217.889,1150.178,1329.015,1162.304,1345.967,1096.043,1368.826,412.975,416.418,479.188,476.63,494.848,489.469,501.776,494.605,489.111,487.535,486.575,485.466,564.537,565.547,664.777,672.069,776.165,651.205,797.595,632.522,794.369,677.439
12.640,141.7,78.791,61.108,71.202,1187.311,1170.3,1246.675,1206.877,1181.056,1154.231,1156.948,1136.622,1157.438,1137.095,1163.657,1144.601,1200.997,1200.455,1154.287,1198.684,1179.137,1316.722,1198.023,1328.704,1128.6,1325.706,417.572,421.883,487.084,485.972,500.56,496.125,506.08,502.582,494.13,494.895,491.929,491.956,569.857,569.705,668.699,674.513,776.274,653.187,793.828,634.643,799.822,684.03
12.680,138.225,69.414,59.802,79.464,1188.202,1172.726,1240.933,1200.658,1170.267,1153.045,1149.596,1137.746,1149.895,1137.651,1156.011,1143.403,1208.829,1201.58,1168.699,1175.188,1207.262,1299.198,1227.202,1314.696,1155.399,1325.842,420.091,424.427,494.461,493.883,500.818,503.459,507.923,511.527,494.034,498.836,491.287,495.636,571.681,570.635,678.389,672.498,777.993,659.331,793.803,642.909,803.23,695.937
12.720,130.194,68.989,67.157,77.429,1191.406,1172.044,1228.936,1196.399,1162.554,1152.784,1145.764,1138.883,1145.132,1136.374,1151.931,1143.168,1219.585,1203.403,1179.794,1173.445,1235.941,1287.149,1257.333,1305.434,1188.971,1316.406,422.557,425.805,496.24,497.045,501.054,501.863,507.274,505.281,493.413,493.943,491.958,493.451,572.075,572.097,679.28,674.229,778.751,664.954,794.229,651.815,803.639,707.082
12.760,134.218,68.667,68.079,68.934,1191.395,1179.02,1223.542,1201.266,1155.763,1158.947,1139.071,1141.325,1136.617,1139.931,1144.119,1147.479,1225.91,1206.021,1200.328,1162.506,1262.949,1280.077,1283.689,1301.524,1217.409,1301.671,419.972,423.78,496.516,502.825,497.535,498.863,497.123,499.429,485.691,489.721,488.173,490.39,572.411,574.569,682.241,672.586,779.89,677.937,795.453,664.458,804.29,732.043
12.800,143.384,78.04,62.742,64.452,1190.173,1194.919,1213.957,1250.199,1147.488,1194.861,1130.337,1182.353,1130.935,1180.208,1137.794,1183.622,1226.823,1211.8,1223.196,1151.102,1290.627,1261.196,1311.596,1278.146,1247.078,1266.464,418.501,420.104,494.839,476.376,483.175,495.368,481.382,496.729,470.382,488.711,472.83,487.958,571.355,573.533,681.976,660.098,779.219,707.007,794.733,685.719,805.318,735.936
12.840,152.523,81.057,61.08,68.125,1193.967,1202.207,1209.293,1262.172,1146.157,1216.297,1129.839,1203.684,1131.172,1200.949,1137.386,1204.692,1227.62,1215.073,1245.318,1147.262,1313.473,1245.25,1334.228,1265.998,1271.67,1244.304,416.32,415.488,491.958,464.561,472.093,489.811,464.66,487.963,456.747,485.27,460.545,484.421,570.737,573.259,684.435,651.425,777.132,712.654,791.076,715.599,802.992,764.52
12.880,152.884,90.171,54.349,61.744,1193.026,1210.061,1206.81,1273.89,1144.823,1229.153,1129.411,1219.049,1130.845,1215.086,1136.155,1220.047,1233.269,1216.336,1261.465,1146.888,1337.518,1229.843,1360.417,1254.086,1308.138,1213.702,413.701,407.814,489.659,455.193,460.271,476.205,452.164,475.357,445.128,472.662,448.326,471.096,568.467,570.026,682.023,644.222,769.326,722.334,780.486,731.143,805.504,775.719
12.920,161.458,104.755,51.368,61.599,1193.204,1213.9,1207.323,1279.119,1146.07,1237.085,1131.288,1228.554,1133.258,1223.862,1137.945,1227.822,1236.961,1216.331,1282.917,1147.832,1356.297,1209.26,1375.632,1231.412,1333.558,1177.118,406.455,401.827,486.433,445.582,453.01,467.69,443.878,467.532,437.478,465.061,440.241,463.674,565.162,565.485,676.117,638.684,760.413,736.439,769.726,748.375,805.72,786.344
12.960,168.501,119.286,52.189,59.957,1194.791,1217.074,1209.531,1285.488,1148.353,1237.196,1133.143,1226.595,1135.151,1222.504,1140.067,1226.975,1241.891,1219.907,1298.579,1152.185,1371.487,1187.693,1393.636,1207.415,1358.139,1147.484,398.406,397.218,477.602,443.19,446.069,466.803,437.08,465.592,430.512,462.906,433.303,461.857,561.083,561.791,665.264,635.991,751.995,743.188,758.056,761.796,808.203,784.601
13.000,168.855,136.681,55.784,59.743,1197.569,1217.579,1210.454,1287.401,1149.79,1240.18,1133.918,1229.661,1137.902,1225.923,1142.698,1230.131,1245.26,1220.37,1307.099,1156.538,1385.035,1167.554,1406.334,1180.805,1384.922,1117.6,393.116,393.455,468.716,440.771,441.013,463.414,434.423,463.05,426.608,460.226,428.301,459.32,554.212,557.064,656.395,639.437,741.97,752.886,744.735,774.131,806.548,780.294
13.040,163.771,146.685,57.975,61.783,1202.084,1219.849,1211.996,1291.359,1152.084,1249.783,1138.202,1238.992,1144.475,1235.77,1149.258,1239.651,1246.908,1223.631,1313.043,1160.742,1401.792,1155.5,1422.485,1163.809,1403.94,1098.323,391.344,391.792,467.659,438.188,440.198,461.052,434.877,461.451,426.898,458.458,428.245,457.815,552.47,555.116,654.098,641.778,730.477,754.915,730.439,778.171,795.626,772.384
13.080,155.743,159.639,56.673,57.518,1203.352,1222.018,1213.486,1294.794,1157.851,1247.001,1143.423,1235.866,1150.015,1232.111,1155.436,1235.969,1247.38,1229.812,1316.617,1171.797,1414.41,1144.483,1437.411,1147.002,1423.331,1085.09,392.52,391.54,468.468,438.276,441.661,460.369,437.418,459.491,428.638,456.268,429.563,455.643,552.697,555.879,655.131,642.771,715.501,757.699,712.702,786.167,771.914,770.698
13.120,144.144,167.85,56.382,56.764,1205.01,1224.966,1218.116,1295.9,1165.932,1245.129,1148.615,1232.297,1154.646,1229.303,1160.689,1232.69,1247.749,1234.772,1312.672,1181.091,1422.646,1142.436,1446.066,1143.788,1440.438,1084.488,393.4,393.031,467.701,441.448,444.887,462.423,441.041,460.397,431.367,456.474,432.256,455.665,552.346,555.845,656.476,646.297,701.357,761.57,693.241,789.336,756.143,764.016
13.160,130.197,168.179,53.198,64.361,1210.014,1222.8,1227.687,1291.06,1177.005,1246.086,1157.743,1233.399,1161.672,1229.524,1167.993,1233.278,1249.572,1238.437,1304.596,1185.054,1422.854,1147.298,1443.998,1148.562,1455.35,1090.106,394.284,393.265,468.403,442.242,446.481,466.866,442.177,461.455,432.43,458.809,433.332,457.514,556.905,560.092,663.911,651.286,691.178,763.984,678.241,792.459,742.623,762.968
13.200,115.119,161.997,63.567,65.638,1214.101,1223.419,1233.942,1290.972,1185.9,1254.132,1162.929,1241.944,1167.28,1237.966,1174.965,1241.856,1249.712,1240.479,1297.203,1185.704,1418.83,1159.026,1435.208,1161.096,1460.693,1099.15,394.535,397.493,468.654,449.634,458.926,469.202,456.273,463.903,447.382,462.32,448.595,462.067,562.007,565.037,675.058,657.286,680.013,775.681,661.791,803.865,723.561,767.067
13.240,102.311,157.639,64.511,52.13,1215.356,1225.838,1246.194,1292.206,1184.83,1249.331,1164.267,1238.737,1167.902,1232.897,1174.701,1237.496,1251.884,1241.967,1292.496,1185.821,1411.026,1167.928,1425.511,1173.838,1453.847,1116.217,402.135,403.179,473.391,461.63,471.154,469.777,470.964,464.384,460.324,462.412,460.585,462.935,567.648,569.65,684.265,663.323,669.943,781.955,651.185,807.531,706.876,781.511
13.280,90.52,151.404,60.345,45.736,1217.966,1224.162,1265.649,1288.281,1192.335,1247.613,1172.556,1233.017,1173.919,1230.0,1179.939,1231.656,1252.861,1241.691,1283.388,1187.699,1398.329,1186.165,1414.612,1202.318,1444.467,1128.356,407.803,407.951,476.46,473.008,483.036,473.235,486.796,471.663,475.309,465.935,473.844,466.752,571.107,573.347,693.083,669.376,665.424,786.433,645.822,810.837,701.438,805.677
13.320,80.525,141.392,63.123,69.098,1218.29,1218.228,1270.231,1258.559,1199.851,1215.398,1182.591,1202.132,1181.226,1199.126,1186.927,1202.539,1253.474,1239.799,1266.338,1190.003,1390.646,1212.995,1399.91,1230.856,1432.919,1161.199,414.344,414.74,480.507,478.594,494.516,487.277,500.222,490.303,488.806,480.901,486.625,480.393,576.5,577.336,699.505,674.208,665.159,788.208,646.163,809.306,697.837,815.568
13.360,71.589,140.398,68.73,88.978,1223.603,1216.06,1272.42,1246.546,1206.549,1212.659,1189.35,1200.336,1187.735,1195.058,1193.485,1199.487,1255.097,1239.007,1247.726,1200.211,1367.591,1236.371,1381.683,1256.938,1422.301,1187.897,420.741,423.97,488.844,488.033,505.712,503.424,513.354,510.572,501.2,498.077,498.248,496.312,581.499,581.61,700.204,680.939,668.406,790.485,647.389,810.892,704.195,818.577
13.400,64.325,136.327,71.027,88.417,1225.324,1216.604,1278.465,1252.303,1215.246,1214.06,1194.446,1199.023,1191.706,1194.527,1197.913,1199.844,1257.786,1245.259,1230.386,1212.798,1348.071,1263.372,1365.723,1284.626,1396.294,1217.568,423.517,425.439,486.8,485.924,511.128,507.094,516.983,511.566,505.606,503.813,503.294,502.073,584.957,583.896,700.167,687.419,674.514,789.912,656.57,808.344,712.005,819.197
13.440,60.488,140.436,70.955,80.594,1230.257,1221.017,1286.38,1253.935,1225.211,1206.628,1204.771,1189.151,1200.386,1185.491,1205.788,1194.313,1261.004,1256.843,1217.31,1235.843,1338.094,1289.445,1358.766,1314.233,1374.153,1243.541,422.646,428.1,486.498,491.419,511.547,506.848,518.088,509.284,507.695,503.054,505.647,502.397,584.908,583.754,696.045,692.27,678.963,790.536,663.014,809.943,722.862,819.704
13.480,59.391,147.786,68.793,74.786,1237.069,1221.215,1298.496,1247.769,1234.761,1193.672,1216.525,1176.039,1212.8,1169.52,1217.097,1179.248,1264.121,1259.969,1204.352,1258.897,1327.92,1317.803,1347.842,1341.527,1348.562,1272.952,420.968,429.041,479.355,497.977,509.41,503.522,520.141,504.127,507.286,496.893,503.419,496.953,583.399,583.604,690.122,694.784,687.192,790.304,674.557,808.941,743.79,820.982
13.520,68.468,150.881,65.72,78.832,1241.925,1221.027,1307.52,1243.386,1241.792,1181.384,1226.587,1165.677,1221.337,1162.695,1224.675,1169.347,1267.301,1260.76,1192.384,1272.764,1301.496,1344.123,1322.415,1368.309,1318.081,1300.437,420.402,427.092,470.283,492.77,505.925,501.079,517.558,496.015,504.471,488.999,501.074,490.716,582.209,582.332,676.319,689.869,709.656,789.955,705.554,808.59,759.632,820.901
13.560,75.125,155.358,64.509,72.107,1244.608,1221.602,1314.519,1240.789,1248.041,1177.557,1232.232,1163.095,1227.37,1160.885,1230.438,1166.908,1265.925,1263.24,1185.549,1288.378,1294.398,1368.286,1316.491,1389.587,1284.82,1329.822,416.469,425.264,460.309,489.194,502.527,487.884,511.544,483.727,499.7,476.176,496.824,477.649,579.103,581.043,666.31,686.814,723.676,789.054,726.084,802.929,780.42,821.149
13.600,119.054,162.165,64.704,62.285,1244.854,1221.265,1319.884,1241.561,1253.948,1177.04,1237.393,1162.416,1232.778,1159.918,1235.699,1166.065,1267.027,1261.572,1225.292,1299.229,1276.499,1371.178,1297.724,1396.941,1253.388,1328.841,407.867,422.242,452.602,488.464,496.909,476.301,510.105,471.157,497.482,464.352,495.708,466.071,574.95,576.274,670.373,680.93,737.536,774.277,742.948,789.463,788.511,819.766
13.640,99.549,167.081,65.255,60.577,1247.739,1221.147,1320.769,1237.824,1256.982,1176.238,1242.18,1161.706,1235.976,1159.687,1238.855,1165.68,1266.061,1262.58,1185.313,1315.379,1254.58,1394.838,1276.908,1423.228,1217.99,1381.744,401.815,417.166,446.126,484.423,489.162,467.348,507.965,462.881,496.738,455.531,492.422,456.788,569.719,568.355,654.776,671.94,746.899,766.877,758.647,775.405,793.453,818.207
13.680,111.855,168.065,62.692,64.072,1251.186,1222.539,1324.315,1238.188,1262.859,1177.128,1245.716,1163.013,1239.283,1160.742,1242.896,1166.88,1265.146,1262.852,1182.137,1322.124,1232.135,1408.527,1252.158,1432.251,1186.761,1405.296,399.146,414.303,440.033,473.421,480.684,461.44,498.301,455.713,487.57,449.517,483.109,451.528,563.971,564.239,653.88,663.413,759.032,756.719,778.249,760.576,796.897,816.548
13.720,126.92,161.444,63.731,63.757,1252.369,1222.389,1322.511,1235.641,1267.61,1180.313,1250.53,1166.046,1245.675,1163.768,1249.451,1170.0,1264.26,1266.829,1183.088,1328.062,1207.149,1424.427,1223.527,1450.721,1152.646,1427.357,397.521,409.802,438.081,471.293,474.685,457.415,490.477,453.933,478.349,446.408,473.818,447.743,560.896,561.045,653.299,661.996,768.65,743.443,792.155,745.475,794.117,807.53
13.760,141.813,153.183,62.428,64.635,1254.733,1222.26,1324.505,1236.215,1267.927,1180.471,1248.982,1166.534,1245.526,1164.1,1249.524,1170.347,1263.736,1266.442,1188.45,1327.977,1188.309,1434.648,1197.319,1460.944,1127.671,1449.643,396.327,406.569,439.608,467.807,473.089,455.421,487.68,452.945,475.057,446.058,470.38,447.175,560.021,560.378,655.511,661.092,778.652,727.124,804.112,726.437,787.158,791.203
13.800,153.01,144.29,61.986,67.729,1253.771,1222.172,1323.848,1235.68,1265.255,1180.807,1246.791,1166.858,1243.291,1164.661,1246.735,1170.829,1263.46,1265.518,1193.481,1325.377,1173.752,1441.635,1177.394,1464.205,1112.924,1463.665,396.982,406.366,440.87,467.477,474.6,457.993,487.398,456.031,475.078,448.62,471.006,449.655,559.741,560.438,655.822,661.179,779.308,711.904,806.714,705.854,786.304,768.718
13.840,157.77,135.409,60.604,66.964,1254.42,1222.181,1326.469,1236.633,1265.241,1181.452,1246.47,1167.828,1243.369,1165.603,1247.17,1171.511,1263.193,1264.797,1194.119,1321.144,1168.533,1444.091,1170.345,1466.528,1107.994,1475.416,397.503,407.119,442.511,468.321,475.91,458.839,488.062,456.279,475.464,449.603,471.877,449.973,560.612,561.364,661.871,662.201,781.523,697.949,808.748,685.281,783.894,752.254
13.880,156.502,124.408,60.138,71.663,1254.968,1222.758,1326.25,1238.047,1262.67,1182.687,1244.896,1168.275,1241.001,1165.859,1245.104,1171.805,1263.56,1264.722,1195.097,1316.798,1173.503,1444.85,1175.896,1463.622,1112.311,1483.321,401.299,407.606,447.349,470.686,480.129,466.122,491.698,464.721,477.529,459.417,473.981,459.158,563.554,565.565,666.067,669.885,785.612,687.607,812.604,671.921,781.514,733.492
13.920,151.617,113.442,58.808,70.638,1254.49,1223.223,1324.238,1243.71,1260.737,1187.871,1242.919,1171.5,1239.262,1169.184,1243.37,1175.31,1264.72,1264.609,1197.017,1312.434,1185.135,1436.961,1191.634,1452.223,1125.363,1475.859,409.07,412.824,463.652,482.809,487.726,479.838,498.115,482.124,482.699,475.013,478.675,473.935,568.362,571.215,669.316,676.849,793.53,674.859,821.187,660.157,787.019,716.572
13.960,148.319,102.654,58.548,69.49,1253.731,1227.24,1320.729,1253.958,1257.263,1196.561,1239.748,1176.828,1236.154,1175.495,1240.55,1184.249,1264.982,1264.381,1200.398,1305.174,1198.426,1424.736,1206.427,1442.104,1142.733,1462.353,414.861,419.075,478.059,490.164,495.327,490.252,504.039,493.956,489.808,486.227,486.084,485.073,575.507,577.489,676.434,686.214,797.256,669.599,822.01,652.562,807.549,705.673
14.000,142.599,91.719,59.479,73.967,1253.345,1228.583,1317.83,1260.141,1249.762,1206.507,1229.719,1187.216,1227.064,1185.875,1231.589,1195.827,1266.315,1264.29,1204.312,1289.652,1216.566,1407.71,1235.108,1419.969,1154.863,1445.444,420.948,427.172,487.624,492.799,503.994,501.917,511.636,508.568,497.467,500.016,495.355,498.046,578.351,580.387,679.905,690.951,796.589,667.574,818.613,649.833,817.613,699.767
14.040,145.123,80.197,60.704,78.317,1249.849,1234.373,1309.275,1268.968,1237.98,1219.978,1213.403,1198.296,1212.874,1196.932,1220.012,1206.742,1266.711,1267.214,1222.118,1268.241,1245.183,1388.721,1263.568,1401.82,1190.333,1441.919,425.996,428.565,497.98,494.776,510.866,508.735,518.38,516.019,504.934,507.598,501.658,503.972,582.803,581.659,688.13,691.818,797.294,669.844,816.675,651.418,823.443,704.465
14.080,140.12,97.219,61.702,81.764,1247.842,1232.818,1300.19,1263.582,1226.314,1217.551,1204.186,1199.143,1204.438,1198.371,1211.436,1205.764,1270.335,1265.285,1234.498,1236.754,1275.058,1325.551,1297.621,1347.536,1236.161,1317.113,429.999,431.407,504.225,496.223,513.159,510.432,522.038,517.851,506.999,507.019,504.306,504.55,583.177,583.223,697.105,692.725,795.419,728.282,812.415,732.64,816.407,750.862
14.120,134.398,75.031,62.09,75.127,1247.302,1231.428,1293.525,1261.535,1216.955,1212.684,1199.401,1196.507,1196.408,1194.267,1203.95,1201.326,1275.582,1265.209,1242.85,1233.789,1299.383,1349.691,1321.574,1371.401,1248.56,1372.328,429.437,432.498,505.839,505.277,510.205,511.796,518.649,518.119,503.644,506.297,501.665,505.474,585.278,585.759,698.938,692.767,798.714,695.588,815.521,686.229,824.647,741.777
14.160,138.725,67.635,66.594,65.263,1244.487,1230.91,1285.383,1260.081,1212.831,1212.727,1193.435,1196.432,1189.272,1193.713,1198.185,1200.608,1282.445,1265.049,1263.833,1217.579,1325.318,1338.846,1347.043,1360.284,1276.73,1364.655,426.525,430.398,502.224,513.04,508.539,508.652,508.118,512.212,494.923,501.373,497.825,501.006,584.534,588.117,701.29,690.797,798.861,695.977,815.415,684.722,825.386,745.844
14.200,145.154,76.734,62.585,63.166,1239.539,1237.756,1269.22,1295.776,1198.663,1242.882,1177.944,1231.553,1177.638,1227.795,1184.848,1227.91,1282.88,1266.67,1282.154,1203.765,1349.422,1317.314,1370.756,1337.346,1304.617,1324.977,425.53,428.47,500.985,489.337,493.64,505.301,487.227,508.274,479.313,500.181,483.377,499.966,583.264,586.264,700.398,676.482,798.307,721.485,814.812,695.353,826.24,750.269
14.240,151.833,77.82,57.354,62.979,1236.118,1241.119,1257.906,1307.997,1190.06,1265.541,1172.04,1252.359,1172.006,1249.607,1178.589,1252.408,1281.179,1266.72,1299.336,1195.552,1373.759,1301.996,1395.337,1324.493,1327.058,1298.658,424.905,423.055,499.351,468.44,479.469,491.797,473.062,491.772,464.232,487.912,467.863,486.965,583.018,585.983,697.889,665.556,796.119,726.096,813.268,730.353,825.57,779.452
14.280,156.836,84.88,52.135,59.818,1231.187,1244.215,1250.504,1314.634,1184.609,1281.215,1166.947,1271.902,1169.335,1267.409,1175.034,1271.513,1279.847,1265.358,1313.881,1188.896,1390.707,1281.836,1411.822,1306.016,1359.699,1264.582,422.926,415.995,496.78,455.984,468.528,475.456,460.94,477.173,453.613,474.643,457.107,473.214,582.914,583.173,696.69,657.482,788.841,737.418,800.6,744.723,828.31,793.639
14.320,164.277,100.233,50.807,57.6,1225.217,1247.27,1245.29,1318.393,1182.848,1277.635,1164.134,1267.152,1167.188,1261.107,1173.115,1265.892,1279.597,1263.623,1329.738,1188.947,1404.858,1258.239,1427.521,1281.421,1385.095,1227.752,414.04,408.46,486.788,449.985,459.29,471.04,452.094,471.706,444.381,468.826,446.959,467.919,576.583,575.272,689.066,651.451,779.394,749.176,789.24,760.194,828.394,801.802
14.360,171.532,118.331,55.9,57.684,1224.353,1246.134,1239.877,1317.675,1181.792,1272.999,1164.85,1260.868,1169.159,1255.577,1174.934,1259.607,1279.234,1256.562,1340.906,1187.42,1416.199,1229.861,1438.508,1254.391,1402.932,1188.015,405.312,402.309,476.871,444.024,453.568,467.22,446.813,469.178,436.872,466.457,439.772,465.178,569.947,569.925,676.679,649.98,771.376,761.397,778.072,781.444,831.293,805.343
14.400,171.291,134.329,57.205,60.996,1226.038,1244.407,1239.754,1314.409,1179.307,1270.075,1162.749,1258.219,1168.161,1253.304,1173.96,1257.0,1278.829,1253.217,1345.172,1189.312,1429.034,1206.264,1450.677,1220.842,1425.609,1154.254,400.008,397.89,472.782,441.74,448.212,466.246,441.285,469.015,432.496,465.427,435.134,463.725,566.06,568.213,666.653,650.867,759.419,772.078,762.814,795.789,829.049,801.233
14.440,164.916,150.8,58.773,59.745,1225.063,1244.978,1240.421,1320.586,1183.186,1273.707,1165.85,1261.45,1169.938,1256.466,1175.907,1260.734,1277.929,1253.073,1347.092,1193.509,1440.004,1183.692,1463.992,1194.421,1446.553,1127.355,395.887,396.296,465.52,439.819,446.048,466.687,440.288,468.675,432.691,465.862,434.472,463.808,561.026,565.469,662.959,654.381,743.04,775.885,745.811,801.095,810.135,792.748
14.480,154.262,161.529,61.975,63.32,1223.886,1244.319,1234.991,1317.718,1182.949,1275.119,1167.416,1262.197,1171.507,1257.654,1176.557,1261.848,1274.07,1253.841,1343.765,1196.332,1449.899,1167.104,1474.854,1170.896,1460.768,1109.093,394.052,396.656,465.306,439.481,447.216,467.207,441.132,469.993,434.6,466.875,436.382,465.219,558.36,563.826,662.241,655.586,724.519,776.344,722.719,804.245,785.807,782.538
14.520,174.088,151.919,62.243,65.901,1225.069,1244.106,1241.446,1313.317,1183.786,1275.986,1168.168,1261.936,1172.28,1257.442,1177.714,1262.17,1262.337,1264.233,1207.439,1328.024,1170.519,1435.847,1171.556,1455.681,1112.473,1411.305,395.122,398.834,462.412,441.528,447.952,466.928,444.192,470.693,436.84,467.301,438.094,465.616,557.272,561.784,664.082,659.291,758.821,718.385,792.852,715.069,770.559,753.963
14.560,129.83,177.742,64.478,64.218,1225.818,1243.756,1242.825,1311.05,1184.653,1271.329,1169.033,1257.62,1173.036,1253.299,1178.416,1258.421,1264.235,1263.617,1313.993,1222.344,1441.632,1172.831,1459.509,1174.663,1480.777,1112.329,396.088,400.008,463.247,444.86,451.611,468.29,448.17,469.955,440.221,465.928,441.439,464.777,559.543,563.077,667.979,663.81,702.612,772.263,688.516,801.182,746.695,758.852
14.600,118.162,165.231,66.309,68.826,1226.178,1243.656,1244.913,1309.827,1185.646,1269.211,1170.003,1255.763,1173.668,1251.324,1178.956,1257.204,1264.753,1263.566,1320.571,1203.242,1450.891,1168.063,1463.946,1171.385,1491.835,1109.351,397.176,400.686,465.092,445.349,456.479,473.585,454.047,470.73,445.819,466.222,447.327,466.419,560.708,565.521,677.532,663.939,683.504,780.932,663.432,809.872,724.444,767.19
14.640,158.66,104.993,75.022,60.154,1224.389,1243.527,1245.927,1309.657,1186.367,1261.573,1170.055,1250.642,1174.044,1247.303,1179.456,1250.142,1257.77,1265.556,1202.832,1301.895,1191.715,1423.715,1199.073,1439.766,1134.167,1471.673,397.985,402.349,465.405,455.937,468.253,474.524,468.103,471.084,460.144,466.368,460.109,466.838,564.537,567.728,671.551,684.45,780.351,679.558,808.471,664.502,775.673,713.024
14.680,78.293,145.401,71.291,51.468,1224.587,1233.482,1260.948,1301.619,1190.299,1248.148,1173.124,1236.918,1174.801,1231.203,1180.023,1233.173,1259.93,1259.435,1250.525,1208.479,1391.313,1224.32,1403.127,1238.581,1450.488,1168.518,399.878,406.128,471.119,471.5,481.464,478.686,485.017,476.759,474.884,469.577,473.972,470.242,572.342,574.266,693.761,681.54,675.781,779.451,657.017,802.495,704.717,799.646
14.720,79.1,137.437,67.732,73.504,1224.123,1221.329,1272.473,1269.705,1201.771,1223.432,1181.521,1211.875,1180.576,1204.641,1186.1,1210.939,1261.094,1252.285,1267.762,1195.316,1394.273,1221.833,1406.459,1241.453,1445.836,1168.372,407.67,411.275,474.234,476.293,491.502,493.277,498.845,494.855,488.234,490.385,486.054,489.269,577.823,577.66,701.574,679.541,670.067,791.28,648.244,813.449,697.815,813.953
14.760,74.506,140.546,74.707,90.478,1224.309,1217.134,1272.947,1263.269,1207.304,1221.544,1188.816,1212.325,1186.39,1203.464,1191.461,1206.57,1260.961,1246.612,1255.886,1201.54,1387.561,1233.541,1400.361,1245.829,1427.233,1188.637,410.296,414.897,476.257,480.918,501.601,510.595,510.507,517.331,499.648,507.174,496.684,504.987,578.902,578.101,703.695,679.849,672.897,794.753,650.879,816.022,704.058,817.069
14.800,68.414,132.152,74.165,90.781,1223.995,1217.688,1278.356,1255.804,1210.542,1212.231,1194.089,1197.675,1189.184,1192.686,1194.499,1198.089,1261.108,1247.924,1238.868,1205.78,1361.69,1258.48,1379.979,1283.045,1411.447,1207.068,412.755,416.778,476.107,481.856,507.437,508.181,516.232,512.704,505.102,505.337,502.508,503.567,580.332,578.611,705.572,687.145,680.547,792.264,661.98,812.757,715.292,820.217
14.840,64.982,140.131,70.312,92.651,1224.754,1218.745,1287.716,1241.975,1221.608,1195.621,1203.766,1178.442,1198.932,1175.799,1204.535,1183.428,1260.154,1251.246,1220.46,1230.157,1346.362,1287.469,1365.412,1311.137,1378.598,1240.422,412.955,417.092,474.518,485.19,506.697,503.437,517.06,508.268,503.926,499.809,500.554,498.497,580.809,578.245,701.462,690.995,686.433,793.229,672.971,812.008,719.824,821.707
14.880,63.229,146.163,66.211,87.693,1226.9,1219.059,1296.423,1245.156,1230.877,1195.131,1212.411,1172.792,1207.428,1169.502,1211.712,1178.646,1260.538,1255.208,1203.902,1251.894,1330.957,1315.274,1352.392,1339.622,1345.738,1268.743,413.503,418.397,466.279,482.266,502.625,500.392,512.435,507.239,499.46,499.395,497.246,495.793,580.006,577.956,691.575,692.534,691.89,793.254,680.518,813.575,746.52,823.771
14.920,130.411,115.594,67.804,78.95,1235.228,1216.122,1306.08,1234.123,1241.011,1174.588,1221.956,1156.977,1217.41,1154.623,1221.529,1162.136,1263.722,1251.148,1250.491,1219.428,1329.02,1336.424,1350.313,1359.398,1307.695,1302.83,407.604,418.362,457.088,483.189,499.141,487.842,510.018,488.959,497.073,479.104,494.387,478.118,576.298,577.108,686.086,681.775,771.137,788.807,784.844,809.652,800.859,816.408
14.960,149.611,83.423,68.306,70.322,1237.08,1214.093,1309.758,1226.012,1246.827,1166.811,1231.175,1150.956,1225.49,1148.788,1229.835,1155.267,1264.515,1248.111,1278.096,1184.807,1346.595,1308.648,1374.105,1327.043,1322.25,1277.042,402.788,417.735,449.571,482.634,494.52,472.97,506.792,472.512,494.54,462.576,493.119,462.378,570.512,574.572,684.243,665.317,774.491,732.063,790.171,736.316,819.503,790.794
15.000,157.577,89.981,65.496,59.149,1239.16,1210.981,1312.062,1229.026,1247.995,1166.337,1232.365,1150.842,1226.252,1149.032,1230.366,1155.015,1264.166,1245.918,1297.439,1177.025,1372.6,1277.902,1398.879,1300.751,1340.317,1260.148,397.897,411.474,444.67,481.307,485.978,462.901,501.573,458.367,489.662,450.377,486.708,451.758,566.276,568.704,678.641,652.953,771.729,735.387,782.979,745.545,821.841,790.605
15.040,162.246,146.255,61.331,55.146,1241.251,1207.774,1316.376,1229.305,1249.007,1168.576,1234.175,1152.861,1227.107,1151.061,1230.339,1157.221,1259.986,1246.292,1303.602,1234.433,1386.37,1276.403,1409.964,1267.728,1359.694,1207.906,390.581,404.74,437.195,473.997,475.328,454.751,491.654,449.064,480.644,442.232,476.64,443.753,563.354,564.039,667.382,652.553,764.286,738.169,770.589,759.409,822.064,792.175
15.080,168.394,127.486,57.997,55.572,1242.624,1205.673,1319.02,1223.632,1252.486,1166.18,1237.097,1151.533,1230.926,1150.488,1234.712,1156.398,1260.072,1238.719,1316.058,1181.41,1400.862,1214.651,1422.4,1233.579,1391.542,1168.086,387.579,401.106,433.458,469.053,467.374,448.569,483.678,444.015,472.665,436.081,468.278,437.203,558.388,561.498,658.095,645.515,755.926,746.525,759.742,767.481,818.44,792.38
15.120,165.083,136.632,59.43,55.705,1242.155,1205.672,1317.671,1228.49,1253.105,1167.78,1238.384,1152.997,1231.944,1152.532,1235.156,1158.639,1260.188,1237.011,1320.526,1173.707,1416.393,1187.948,1440.296,1202.119,1418.357,1134.4,383.869,397.46,426.44,461.602,463.744,445.661,479.366,441.194,467.857,432.819,463.768,434.197,554.463,558.475,655.636,645.638,749.098,755.622,757.613,786.087,807.666,788.504
15.160,151.937,158.677,59.001,54.978,1241.416,1204.281,1316.92,1228.039,1253.469,1167.512,1238.085,1152.543,1231.939,1151.875,1234.982,1158.029,1249.755,1239.389,1183.837,1308.263,1171.094,1418.774,1178.881,1444.709,1110.617,1429.472,382.542,395.09,424.506,458.334,461.044,442.756,476.351,439.77,465.57,431.631,461.339,432.649,551.216,553.864,648.337,649.141,767.534,720.402,793.924,719.217,784.369,777.098
15.200,159.119,147.678,62.085,59.511,1241.086,1200.355,1313.811,1219.389,1252.701,1161.857,1236.706,1149.123,1232.014,1149.085,1235.259,1154.8,1248.303,1239.868,1179.436,1307.951,1152.23,1431.035,1155.181,1454.613,1088.694,1456.758,381.534,392.112,426.535,459.4,462.298,444.313,474.977,443.114,463.701,434.325,460.103,434.493,548.652,552.013,652.444,650.9,773.325,703.478,800.804,697.951,772.329,759.479
15.240,165.343,134.354,62.458,61.05,1240.974,1199.639,1312.121,1221.301,1250.16,1161.853,1234.472,1148.024,1229.949,1147.236,1233.324,1153.254,1245.148,1240.471,1180.188,1300.661,1144.682,1427.891,1146.228,1448.969,1084.173,1463.79,382.973,393.53,430.187,459.951,464.375,448.516,477.023,447.124,465.557,438.267,462.259,438.489,547.419,550.121,655.523,654.565,776.591,687.232,804.65,671.764,768.329,740.733
15.280,163.723,123.044,61.882,57.776,1239.492,1197.787,1311.303,1219.529,1248.517,1163.157,1234.21,1147.975,1229.489,1147.203,1232.915,1154.081,1244.683,1239.737,1180.265,1295.767,1148.911,1423.303,1152.965,1441.342,1087.664,1465.228,383.936,395.083,433.766,466.805,465.929,451.32,477.271,450.031,466.576,441.391,463.118,440.924,549.463,552.143,657.187,662.264,777.54,675.842,805.163,657.578,769.966,719.316
15.320,159.369,109.651,62.036,64.852,1236.901,1199.227,1308.871,1221.881,1245.723,1164.978,1229.013,1149.046,1225.608,1147.89,1230.333,1154.853,1244.647,1239.031,1181.064,1286.037,1157.77,1407.961,1162.638,1424.344,1097.436,1454.736,388.685,398.952,445.952,468.252,473.444,461.218,484.262,463.681,470.075,456.212,465.904,454.749,551.961,554.387,658.098,670.566,786.356,665.506,815.131,647.44,771.765,701.891
15.360,152.195,97.86,61.021,66.512,1232.179,1201.629,1302.022,1236.814,1238.007,1167.937,1216.388,1149.408,1215.536,1150.658,1221.222,1159.746,1244.016,1238.614,1181.689,1277.125,1175.651,1393.143,1188.188,1405.523,1114.83,1436.131,395.715,402.111,459.942,468.246,481.262,473.697,490.096,478.353,474.211,469.982,470.339,468.283,552.509,554.663,658.572,676.763,789.769,657.045,815.276,636.924,792.917,685.811
15.400,142.989,89.922,61.692,70.432,1228.303,1202.047,1295.999,1242.855,1228.629,1176.678,1206.991,1156.21,1206.236,1157.405,1211.251,1167.759,1244.224,1238.145,1180.901,1266.418,1193.496,1381.86,1208.091,1396.125,1137.069,1415.93,399.913,405.115,470.801,469.097,489.323,484.329,497.173,491.012,481.801,481.844,478.201,478.761,557.569,556.735,661.427,682.2,788.958,656.021,812.534,636.167,805.099,685.013
15.440,149.52,78.266,62.914,75.922,1225.415,1204.325,1286.747,1245.63,1215.03,1188.828,1191.839,1170.963,1188.745,1169.116,1195.056,1177.287,1244.625,1238.225,1189.385,1237.98,1196.337,1361.464,1224.561,1376.226,1154.232,1403.592,407.244,410.435,477.948,475.807,495.635,494.492,503.391,500.909,490.605,493.22,487.344,490.334,561.376,559.366,669.274,683.198,787.343,657.803,808.455,638.362,811.189,688.635
15.480,134.327,67.506,62.279,78.192,1223.573,1204.021,1277.621,1240.924,1201.705,1188.196,1178.766,1170.798,1179.126,1170.038,1186.462,1177.726,1245.435,1236.962,1193.65,1207.596,1234.191,1339.96,1256.194,1356.51,1184.473,1392.764,410.105,413.517,489.036,478.876,497.928,495.645,505.381,502.901,491.549,492.68,488.412,489.603,568.939,567.517,682.73,680.318,787.233,661.946,805.609,644.185,815.078,698.52
15.520,124.694,66.357,65.485,78.847,1220.918,1202.809,1265.293,1233.807,1192.942,1186.535,1172.806,1170.832,1171.786,1169.89,1178.945,1176.664,1248.98,1236.745,1200.261,1198.148,1267.067,1321.685,1288.833,1341.017,1215.171,1357.62,412.279,415.418,491.553,488.568,497.532,498.454,504.477,504.233,490.274,494.106,488.275,493.029,568.63,569.049,686.345,679.576,789.916,670.084,806.838,655.88,816.361,699.853
15.560,131.516,63.36,71.506,75.392,1218.852,1202.195,1253.492,1218.794,1186.154,1185.753,1166.928,1164.746,1164.697,1165.749,1172.851,1175.793,1252.076,1233.256,1223.788,1179.912,1295.395,1304.239,1318.16,1325.323,1244.428,1326.54,410.374,415.111,489.278,494.898,495.416,493.25,500.264,496.806,486.483,487.644,487.578,486.076,569.694,571.336,689.012,679.17,790.725,678.478,806.634,669.273,817.287,726.712
15.600,141.061,65.112,65.59,69.736,1214.8,1204.77,1245.37,1254.345,1175.378,1204.067,1154.456,1191.5,1153.782,1189.67,1162.291,1191.555,1252.081,1232.349,1247.287,1165.783,1321.08,1258.799,1342.206,1281.866,1276.863,1255.181,408.793,413.36,484.821,476.986,481.759,492.994,479.492,495.46,469.525,489.356,472.49,488.082,571.128,570.886,690.582,664.581,789.798,681.828,805.429,682.57,817.513,733.949
15.640,147.755,78.679,63.903,61.113,1216.117,1208.47,1234.758,1277.461,1167.169,1230.247,1147.699,1220.138,1150.473,1215.748,1157.848,1215.5,1251.98,1232.735,1264.5,1159.733,1344.083,1262.792,1369.317,1285.137,1297.311,1259.774,405.263,408.404,483.355,458.697,468.159,480.736,463.746,480.097,454.074,476.503,456.846,474.66,570.062,570.579,687.682,652.726,788.376,712.963,805.003,718.57,817.463,772.499
15.680,156.625,86.594,58.023,65.286,1207.032,1214.371,1224.017,1285.758,1160.572,1245.987,1142.943,1233.596,1146.003,1228.368,1152.276,1230.729,1251.431,1231.71,1285.453,1154.625,1365.05,1246.781,1386.106,1268.466,1336.141,1226.616,401.511,400.853,481.008,445.743,458.021,471.693,450.166,470.49,441.273,466.994,443.949,465.55,569.111,568.069,686.044,645.339,782.269,726.944,795.059,733.458,818.154,785.198
15.720,161.236,102.63,50.162,61.276,1203.597,1216.07,1219.47,1289.961,1159.676,1244.724,1139.271,1233.141,1144.072,1227.345,1150.192,1230.048,1251.36,1227.09,1300.119,1152.462,1381.151,1218.069,1404.706,1242.631,1358.823,1188.475,395.492,393.786,480.605,438.038,447.085,464.536,439.468,465.027,429.332,460.632,431.904,458.939,565.45,565.003,683.449,640.516,775.961,742.68,785.465,752.468,818.683,792.607
15.760,167.928,118.653,50.528,60.979,1199.768,1220.422,1218.287,1290.965,1161.677,1243.584,1141.705,1232.786,1146.615,1226.982,1152.864,1229.769,1248.357,1226.565,1311.657,1152.984,1392.938,1191.906,1416.237,1211.44,1376.78,1149.317,389.433,387.839,471.11,434.049,442.642,458.979,435.114,460.15,425.266,455.761,427.848,453.892,558.713,559.249,672.812,638.244,766.009,755.388,772.678,772.322,819.53,793.362
15.800,168.829,136.76,51.333,59.172,1198.993,1222.788,1217.945,1294.457,1162.41,1242.906,1143.262,1230.659,1148.339,1225.832,1154.553,1228.945,1246.187,1225.925,1317.473,1157.27,1405.619,1167.688,1427.386,1183.407,1400.809,1111.27,383.257,384.503,465.018,430.644,438.39,456.233,430.156,458.533,420.941,453.154,423.012,450.847,550.19,552.301,661.253,638.818,752.958,762.721,754.969,784.967,818.076,787.976
15.840,163.637,150.788,53.122,63.543,1199.569,1221.1,1210.291,1293.23,1157.671,1252.06,1141.063,1239.212,1145.293,1233.547,1150.519,1237.776,1246.161,1226.005,1320.157,1160.59,1416.796,1146.567,1440.565,1154.978,1424.177,1088.295,381.895,381.967,461.793,427.354,432.342,452.447,427.145,455.468,418.748,451.184,420.328,449.283,546.098,549.857,656.21,641.142,736.543,765.885,737.807,789.907,799.753,778.507
15.880,152.634,159.561,56.764,60.149,1199.62,1220.387,1208.322,1293.06,1159.621,1248.2,1143.093,1235.255,1147.32,1230.442,1153.093,1233.826,1245.702,1226.147,1316.225,1165.027,1423.136,1135.348,1448.785,1139.46,1436.918,1074.261,380.633,383.419,459.992,431.282,435.201,453.923,429.82,454.528,421.76,450.996,423.484,449.23,544.105,549.238,656.038,641.303,718.815,768.436,717.912,794.336,779.336,771.982
15.920,142.612,164.7,57.84,60.591,1198.834,1220.101,1212.095,1288.484,1163.058,1247.812,1146.106,1233.705,1149.868,1228.397,1155.727,1231.587,1245.703,1229.394,1311.868,1167.716,1427.364,1129.829,1446.74,1131.334,1453.731,1072.118,381.794,383.317,460.244,432.009,439.867,451.093,435.613,451.532,426.994,447.186,428.38,445.797,546.202,550.429,658.798,646.471,705.866,767.306,696.364,795.528,760.054,763.769
15.960,128.895,163.232,59.778,58.814,1199.835,1214.655,1216.703,1285.884,1164.784,1243.412,1147.665,1229.634,1151.256,1224.867,1157.198,1228.171,1245.641,1230.218,1304.051,1168.779,1422.364,1133.552,1441.908,1135.518,1462.9,1075.965,382.868,384.791,459.083,434.657,442.472,453.406,438.329,454.3,429.545,449.202,430.919,447.827,549.286,553.55,665.613,648.716,691.263,770.935,676.805,799.055,735.493,763.029
16.000,116.53,158.412,68.035,58.858,1199.515,1214.096,1218.163,1285.21,1165.736,1243.131,1147.965,1230.809,1151.88,1226.713,1158.083,1229.275,1243.661,1230.33,1301.993,1169.431,1418.999,1144.39,1436.219,1148.912,1457.517,1090.967,383.598,385.517,458.732,439.754,451.339,456.351,451.015,454.921,442.866,452.172,442.843,450.768,553.004,556.727,673.085,650.545,674.352,774.734,655.67,801.653,716.537,769.347
16.040,100.013,153.428,69.762,53.587,1200.317,1208.052,1233.638,1278.786,1167.898,1230.478,1149.774,1225.688,1152.927,1212.059,1158.538,1217.114,1240.824,1228.331,1282.99,1168.922,1406.434,1157.473,1425.528,1167.087,1448.424,1105.975,385.532,388.682,459.042,452.969,463.807,462.639,467.713,461.19,458.539,456.389,457.207,455.353,557.925,559.959,683.085,655.768,664.402,780.838,645.248,805.437,707.525,787.869
16.080,88.315,148.579,65.015,81.63,1200.381,1195.534,1251.716,1229.103,1177.64,1184.7,1156.002,1169.964,1157.092,1166.627,1163.485,1172.682,1240.008,1222.892,1264.582,1167.528,1398.327,1169.901,1406.076,1188.979,1437.891,1113.794,390.389,397.912,460.59,465.585,475.245,480.024,480.796,481.529,471.346,474.797,469.306,473.616,562.851,564.336,691.228,659.09,661.523,780.064,641.841,802.692,700.929,798.685
16.120,76.431,137.532,68.211,82.538,1200.428,1191.921,1254.646,1227.778,1182.579,1181.389,1164.82,1168.654,1162.721,1165.43,1167.885,1169.926,1239.929,1220.75,1240.704,1167.989,1366.361,1198.01,1380.178,1221.041,1428.06,1146.376,398.647,404.155,465.878,468.824,488.043,487.14,495.888,491.167,483.913,483.33,480.828,481.395,565.728,565.548,694.897,663.206,663.77,782.838,644.01,803.898,697.93,804.86
16.160,69.496,133.686,72.083,86.219,1200.923,1193.683,1254.763,1237.745,1187.542,1193.12,1169.04,1179.559,1167.35,1175.163,1172.598,1179.519,1239.72,1221.444,1222.161,1176.615,1346.763,1223.665,1362.109,1244.218,1401.725,1177.098,401.938,404.027,466.952,466.749,493.719,493.889,501.966,498.942,490.747,490.396,487.737,487.989,568.393,566.456,695.424,672.024,667.494,781.244,649.181,800.648,702.174,808.022
16.200,65.635,137.5,69.484,89.255,1202.302,1194.6,1264.147,1223.138,1200.107,1173.213,1181.966,1158.086,1175.109,1155.281,1181.122,1162.733,1239.842,1224.333,1202.912,1196.044,1331.586,1251.118,1352.808,1275.402,1333.736,1202.889,403.047,407.008,464.568,472.793,493.934,493.685,504.522,500.413,492.278,491.567,488.306,488.956,567.681,566.132,691.94,678.352,674.286,780.414,660.377,799.171,708.897,809.52
16.240,62.045,141.073,67.288,84.163,1205.786,1194.658,1271.896,1221.93,1204.735,1169.875,1186.027,1151.931,1180.962,1148.851,1186.078,1157.579,1240.328,1229.123,1187.222,1215.319,1310.273,1278.851,1333.01,1303.922,1336.751,1231.999,402.525,407.29,459.47,474.954,493.024,489.994,503.391,494.524,490.443,486.553,486.951,484.834,567.569,565.977,684.563,680.386,676.949,781.872,665.854,800.753,730.385,809.762
16.280,74.704,152.196,65.203,84.071,1213.154,1193.869,1283.004,1216.742,1213.594,1157.465,1195.754,1138.544,1191.35,1135.442,1194.694,1142.715,1241.818,1231.725,1182.313,1241.052,1290.225,1304.04,1312.686,1325.938,1294.818,1262.644,399.172,406.103,452.117,473.576,489.088,487.041,500.896,486.731,488.136,479.057,484.342,478.155,565.715,565.403,672.755,682.537,699.209,781.958,699.919,799.561,756.515,810.701
16.320,132.701,94.697,68.665,75.409,1216.789,1193.659,1288.706,1214.511,1224.523,1152.24,1206.81,1134.184,1202.432,1131.03,1206.355,1138.358,1242.892,1231.503,1232.264,1179.346,1319.217,1289.719,1341.202,1315.462,1284.527,1275.434,394.67,405.302,443.532,472.402,487.599,475.309,495.948,472.614,483.824,463.009,480.749,462.622,561.765,562.951,674.176,661.214,771.092,731.954,785.983,754.613,798.303,786.625
16.360,93.945,149.388,64.576,67.874,1219.05,1191.113,1293.891,1206.924,1227.339,1146.733,1211.152,1130.11,1205.245,1128.348,1208.978,1135.145,1242.817,1232.03,1166.028,1263.09,1255.566,1347.895,1274.466,1370.542,1232.871,1316.291,389.353,402.131,437.595,470.896,478.811,461.172,493.219,458.174,481.677,449.583,477.995,449.33,558.019,560.046,649.24,663.296,735.813,741.404,740.179,766.797,779.234,801.902
16.400,154.625,140.074,61.494,60.348,1220.499,1188.98,1299.483,1203.139,1229.614,1145.261,1213.528,1129.899,1207.975,1129.849,1211.626,1136.629,1242.597,1231.979,1267.179,1232.138,1346.176,1319.953,1371.023,1285.611,1261.62,1229.35,383.259,399.839,429.89,470.332,471.767,451.196,484.805,447.091,474.684,438.244,471.542,439.464,551.872,554.846,657.476,645.288,756.863,749.844,763.904,754.199,805.107,791.354
16.440,162.573,116.356,61.551,59.444,1221.514,1185.638,1298.119,1200.957,1231.679,1147.542,1215.901,1132.251,1211.3,1131.456,1215.015,1137.902,1242.522,1224.313,1288.169,1160.418,1373.166,1219.105,1396.903,1236.359,1341.366,1169.967,377.913,392.674,421.004,463.953,462.832,446.156,477.645,442.304,465.751,432.695,461.409,433.87,546.82,550.982,651.887,642.027,749.975,749.742,754.078,763.022,808.562,789.395
16.480,132.519,168.114,61.033,63.269,1220.327,1187.181,1296.437,1204.524,1235.984,1149.148,1216.814,1134.279,1214.032,1132.832,1218.596,1138.846,1235.329,1227.685,1161.439,1290.254,1182.743,1382.426,1198.811,1407.894,1128.289,1381.213,374.944,386.312,417.515,454.298,455.016,442.102,469.772,438.454,456.009,429.687,452.168,430.744,542.724,544.326,640.868,642.078,755.75,735.843,777.138,737.319,791.017,790.318
16.520,140.4,162.391,60.707,62.785,1220.228,1186.63,1295.515,1202.728,1236.052,1148.298,1217.13,1134.861,1214.126,1134.231,1218.459,1139.758,1233.747,1226.918,1153.806,1296.74,1156.438,1397.709,1170.068,1423.319,1097.337,1404.954,372.76,386.909,416.357,452.092,451.569,439.182,464.327,437.045,451.631,428.208,448.543,428.725,538.209,541.459,639.188,640.081,761.473,716.427,785.944,716.398,787.254,775.873
16.560,156.965,153.488,60.129,59.088,1219.927,1183.663,1295.32,1203.313,1233.927,1147.716,1215.735,1134.67,1212.717,1134.311,1216.851,1139.324,1230.027,1226.573,1159.977,1296.374,1137.959,1407.24,1141.388,1430.093,1077.375,1425.668,372.573,387.092,416.855,452.541,451.875,438.472,462.583,437.187,450.124,427.996,447.718,428.138,536.841,539.725,643.024,639.566,763.242,699.835,789.5,698.432,769.354,750.791
16.600,166.185,142.325,61.123,60.812,1219.483,1184.48,1293.214,1204.49,1231.097,1147.542,1214.083,1134.49,1210.92,1133.959,1214.909,1139.138,1225.801,1226.392,1163.216,1290.615,1128.936,1412.163,1131.416,1435.025,1068.908,1440.933,373.654,387.465,420.046,452.588,454.4,440.372,464.196,439.041,451.944,429.692,449.619,430.261,537.445,538.641,646.385,641.435,765.448,686.466,792.266,679.73,761.626,737.822
16.640,169.329,133.133,60.842,64.65,1218.927,1184.985,1292.743,1203.639,1230.114,1148.575,1212.812,1134.604,1209.193,1133.906,1213.283,1139.828,1223.809,1225.437,1165.083,1284.496,1127.508,1405.861,1129.228,1427.419,1066.496,1448.297,374.722,387.873,421.395,451.471,455.453,442.747,465.74,441.711,453.529,432.538,451.141,432.867,539.1,540.294,647.879,643.029,765.67,671.584,793.497,656.33,758.153,712.621
16.680,164.473,118.773,59.266,67.211,1218.736,1185.629,1292.508,1204.496,1227.557,1150.047,1208.321,1135.879,1205.804,1135.056,1211.53,1140.963,1224.788,1224.429,1164.739,1277.98,1135.209,1401.837,1138.545,1418.886,1075.666,1441.416,378.727,388.701,431.937,453.892,460.13,447.546,469.809,449.017,455.301,441.131,452.421,440.912,541.859,542.295,650.383,650.393,774.047,655.627,800.959,640.506,759.14,695.549
16.720,156.051,107.147,58.314,79.973,1217.573,1185.416,1286.182,1204.723,1219.87,1150.884,1199.595,1136.659,1198.99,1135.681,1204.235,1141.656,1225.463,1222.998,1164.35,1271.987,1150.594,1388.285,1158.99,1404.575,1091.61,1430.933,387.485,392.794,448.445,455.681,468.33,462.329,477.955,465.909,460.63,458.147,456.761,455.872,545.046,546.559,650.561,660.229,778.641,647.66,804.219,631.352,773.373,680.334
16.760,148.896,97.671,62.14,75.176,1215.747,1185.448,1279.28,1217.381,1211.469,1156.823,1190.595,1140.853,1190.826,1139.645,1195.852,1147.388,1225.421,1220.943,1164.078,1262.911,1166.858,1378.709,1177.978,1403.95,1111.372,1417.111,391.368,398.218,459.902,462.248,478.036,474.769,486.042,481.294,470.478,472.307,466.932,468.944,548.187,548.886,655.17,668.407,780.176,644.474,804.167,625.941,789.916,672.773
16.800,145.065,86.825,63.203,75.699,1211.317,1187.666,1270.157,1224.088,1198.216,1165.347,1174.919,1146.936,1173.743,1146.383,1180.16,1154.932,1225.784,1221.24,1164.128,1241.629,1175.326,1359.827,1200.036,1374.519,1112.606,1403.023,398.205,403.023,469.75,467.503,485.879,483.417,492.951,490.435,478.85,481.869,475.966,478.439,551.667,550.957,660.76,673.074,777.891,646.536,797.93,628.06,799.216,677.662
16.840,140.108,72.437,63.22,80.744,1206.753,1187.684,1260.606,1223.686,1183.978,1174.838,1162.637,1157.513,1162.271,1156.473,1169.02,1163.475,1225.883,1221.442,1176.916,1205.752,1209.729,1335.086,1229.729,1355.087,1155.73,1385.571,401.354,404.702,478.351,471.056,489.379,488.093,497.346,494.26,483.842,485.851,480.284,482.661,555.867,555.368,668.003,671.676,780.2,649.15,797.088,632.888,803.684,683.191
16.880,133.471,67.61,65.275,74.685,1205.18,1186.545,1251.678,1223.34,1179.906,1172.099,1158.844,1156.185,1158.497,1154.884,1165.285,1161.485,1228.64,1220.358,1187.148,1190.61,1240.778,1319.284,1261.598,1337.842,1185.835,1359.941,404.903,408.192,483.491,479.213,490.891,490.173,498.368,495.511,483.616,485.233,480.399,482.629,557.44,558.174,675.945,670.324,780.153,653.306,795.917,637.403,804.395,690.014
16.920,131.8,64.649,68.295,76.968,1200.105,1185.184,1237.227,1220.311,1168.945,1171.638,1151.876,1157.619,1148.906,1155.653,1156.189,1161.055,1233.842,1219.539,1200.558,1180.655,1265.712,1307.803,1286.733,1327.537,1214.065,1332.683,403.167,408.588,483.513,484.773,487.204,494.872,494.966,501.366,480.418,493.304,478.009,490.464,557.745,559.197,680.669,670.209,780.809,656.739,795.685,638.866,805.013,703.643
16.960,136.915,62.678,69.943,68.439,1195.658,1186.212,1226.058,1224.331,1159.379,1171.082,1141.081,1155.969,1139.198,1154.075,1148.298,1160.006,1236.352,1218.782,1220.399,1163.284,1290.828,1287.123,1313.202,1309.173,1239.956,1299.103,401.132,406.312,484.371,483.454,484.378,487.864,485.449,492.928,472.45,484.686,474.458,482.861,557.502,558.928,682.761,669.927,780.317,668.29,796.722,661.895,806.16,720.015
17.000,144.155,67.888,62.701,61.946,1191.614,1194.131,1212.477,1254.595,1144.667,1214.179,1125.678,1204.415,1128.002,1200.314,1134.767,1201.914,1236.125,1218.434,1239.188,1152.18,1314.487,1251.419,1337.098,1289.978,1269.285,1243.75,400.102,400.957,481.29,454.944,465.775,469.802,459.067,469.598,451.218,468.62,454.356,467.721,558.07,558.662,680.655,657.216,779.583,677.948,795.795,700.037,803.243,731.575
17.040,149.08,82.074,59.155,64.503,1190.158,1194.829,1204.603,1258.25,1138.458,1230.807,1119.841,1225.457,1122.765,1217.224,1128.948,1220.72,1236.518,1218.143,1254.95,1146.619,1332.528,1242.839,1356.128,1265.117,1294.044,1234.338,399.215,396.064,479.608,442.098,454.668,457.016,447.361,457.769,437.595,454.385,440.994,453.235,557.595,558.379,678.035,643.576,771.741,703.907,784.426,711.124,803.997,762.08
17.080,156.589,94.649,55.093,66.656,1184.649,1194.28,1193.677,1261.156,1134.028,1228.208,1116.989,1218.422,1120.635,1212.347,1126.45,1216.53,1236.354,1213.84,1274.329,1141.887,1350.68,1223.23,1373.485,1245.138,1323.355,1201.519,395.82,391.469,477.078,432.375,444.6,455.62,438.094,456.344,427.03,452.611,430.011,451.465,557.232,556.56,676.57,636.817,764.208,722.613,775.259,728.621,803.623,777.498
17.120,163.77,110.064,48.11,62.579,1175.545,1194.15,1189.949,1262.656,1130.392,1223.173,1113.894,1212.068,1117.637,1206.456,1123.065,1210.445,1234.73,1208.682,1286.261,1137.512,1360.965,1194.206,1383.877,1218.596,1343.589,1157.853,389.588,386.245,475.932,427.774,438.108,451.831,432.139,452.779,421.929,448.439,424.163,446.557,553.524,553.445,668.073,631.917,755.691,739.766,763.826,754.037,804.642,784.271
17.160,167.754,126.242,50.431,64.622,1173.533,1193.9,1185.95,1262.12,1131.372,1219.094,1112.116,1207.824,1116.374,1203.617,1122.657,1207.445,1231.315,1205.674,1291.066,1137.959,1372.042,1168.514,1394.829,1185.787,1365.007,1122.833,382.662,380.368,466.302,423.516,433.347,450.725,428.692,453.574,417.378,448.524,419.419,446.11,548.073,548.836,654.44,631.268,745.736,750.645,750.788,770.108,804.545,784.251
17.200,167.95,142.836,48.958,62.64,1172.654,1193.571,1185.313,1260.749,1132.781,1220.274,1114.815,1210.203,1118.99,1205.88,1124.703,1210.087,1227.005,1202.596,1296.211,1139.998,1384.975,1144.266,1403.802,1157.62,1379.009,1091.246,380.849,379.594,463.898,423.515,430.593,446.381,426.558,448.953,415.861,444.501,417.284,442.169,543.751,545.798,647.53,634.741,734.008,755.368,735.585,778.69,799.888,776.003
17.240,163.143,155.277,50.682,65.135,1167.433,1193.065,1179.454,1261.788,1128.151,1230.76,1113.204,1221.821,1117.801,1216.19,1122.376,1219.804,1222.397,1202.977,1296.588,1143.136,1395.522,1124.769,1419.702,1133.179,1396.015,1067.226,379.726,377.97,460.337,419.784,429.71,440.569,425.853,445.47,416.245,441.686,417.518,439.6,542.205,544.341,645.399,635.727,721.12,758.7,722.353,785.115,782.04,768.693
17.280,152.334,163.924,52.519,63.086,1165.472,1191.794,1181.649,1258.963,1130.48,1223.747,1115.234,1213.501,1119.417,1208.233,1124.347,1212.199,1219.639,1203.6,1290.993,1145.235,1396.307,1112.101,1421.797,1113.303,1411.919,1052.638,379.251,379.243,457.878,424.126,433.082,443.916,429.328,445.954,420.16,441.541,421.256,439.839,542.183,544.67,645.871,639.289,701.396,758.02,700.457,785.439,759.354,764.345
17.320,143.21,167.134,58.263,61.768,1167.908,1190.058,1182.488,1257.521,1133.68,1220.317,1117.552,1209.649,1121.641,1204.748,1126.918,1208.913,1217.516,1204.175,1285.198,1146.935,1395.505,1109.499,1420.62,1110.276,1423.762,1051.467,380.187,380.434,454.524,426.047,436.14,445.583,432.807,446.324,423.245,441.668,424.003,440.548,542.864,545.035,646.67,642.873,687.048,761.871,677.263,790.099,734.536,763.687
17.360,127.013,165.699,58.803,60.421,1168.581,1184.356,1184.795,1255.14,1132.493,1219.944,1117.126,1209.295,1120.227,1203.172,1124.787,1206.299,1215.225,1204.644,1280.08,1145.989,1392.332,1111.707,1411.892,1113.961,1436.743,1052.904,380.813,380.705,455.594,428.053,437.622,445.71,436.514,447.956,426.553,443.135,427.539,441.891,544.228,546.438,658.581,646.431,673.267,765.245,652.905,794.335,710.267,761.868
17.400,111.59,159.732,71.614,59.123,1167.881,1183.599,1187.036,1253.524,1134.425,1214.401,1118.534,1202.226,1121.457,1198.376,1126.075,1200.428,1212.557,1203.079,1267.316,1145.673,1384.386,1122.413,1402.098,1127.78,1427.749,1065.165,381.51,383.713,455.683,440.094,452.091,454.523,449.724,451.615,441.837,448.111,442.93,448.432,548.758,550.968,666.716,647.466,659.94,773.209,638.988,800.675,694.107,765.239
17.440,96.909,154.276,77.479,45.684,1167.83,1177.786,1193.582,1247.102,1136.165,1191.859,1118.848,1180.414,1121.528,1179.346,1126.405,1180.908,1210.319,1199.608,1250.975,1144.973,1378.013,1136.162,1391.321,1146.209,1417.509,1082.495,386.119,390.664,455.858,453.759,463.668,457.015,467.627,453.875,458.616,449.933,457.82,450.512,553.66,555.6,675.941,651.029,650.136,774.92,632.234,800.332,686.361,784.447
17.480,85.081,151.91,70.616,80.162,1168.714,1159.315,1212.847,1195.076,1140.265,1153.275,1124.497,1139.113,1123.884,1135.567,1128.602,1140.413,1209.394,1192.947,1227.849,1143.251,1356.864,1145.331,1366.665,1164.311,1403.857,1092.838,390.343,397.428,458.567,460.613,476.012,475.555,482.777,478.328,473.977,472.432,471.524,471.414,555.004,557.329,682.262,654.392,652.072,776.319,634.358,798.303,681.562,797.193
17.520,74.219,141.87,70.644,99.59,1169.254,1157.268,1218.055,1199.306,1150.095,1168.451,1132.273,1155.562,1130.421,1149.306,1135.54,1152.739,1207.164,1189.026,1207.299,1144.241,1326.574,1172.846,1339.658,1196.374,1389.284,1119.317,398.781,405.941,463.607,469.488,485.187,498.337,493.848,499.897,482.752,494.022,479.812,492.662,562.453,564.677,688.505,663.812,654.658,780.106,637.316,800.519,685.595,804.303
17.560,67.215,138.809,76.514,85.639,1168.497,1158.175,1216.253,1198.215,1153.09,1151.14,1135.718,1135.986,1131.413,1131.352,1136.533,1136.848,1205.769,1188.826,1187.974,1153.124,1307.035,1199.123,1320.643,1219.826,1353.912,1149.899,402.243,407.739,465.759,469.979,493.161,495.424,501.695,501.028,491.544,494.01,488.323,491.491,565.496,565.231,690.04,673.583,658.907,782.192,642.743,801.405,694.848,805.733
17.600,63.742,144.689,74.167,83.446,1168.642,1155.177,1222.754,1188.053,1160.272,1138.161,1144.507,1120.757,1137.404,1118.739,1142.9,1126.749,1202.886,1190.855,1167.255,1172.535,1287.318,1222.996,1306.735,1244.261,1324.947,1176.156,403.414,408.984,465.681,473.174,495.028,491.893,504.933,495.772,494.667,489.057,491.339,488.007,565.265,563.922,685.557,679.093,664.908,781.317,650.788,799.666,703.173,806.715
17.640,57.068,147.609,68.359,83.2,1168.687,1151.201,1230.807,1176.73,1166.735,1124.588,1151.499,1108.211,1144.875,1105.244,1148.769,1112.562,1202.67,1191.98,1147.963,1188.709,1271.023,1247.14,1294.138,1270.164,1290.116,1199.563,403.413,409.493,463.584,472.527,492.476,486.741,504.386,490.181,493.957,483.667,489.541,482.495,565.895,564.23,683.798,682.678,666.414,780.662,659.385,798.91,721.181,807.516
17.680,78.173,157.098,67.099,83.683,1170.341,1151.886,1237.668,1173.554,1174.848,1115.789,1158.136,1099.569,1153.559,1097.429,1156.566,1104.327,1203.279,1192.286,1146.463,1209.642,1249.656,1270.01,1270.719,1292.771,1254.257,1229.77,401.874,409.5,455.8,473.286,489.775,486.034,502.37,485.281,490.21,477.239,486.26,477.555,564.594,563.853,668.142,679.677,699.545,778.481,693.049,798.019,755.857,807.356
17.720,135.849,90.917,65.509,75.512,1174.14,1150.296,1247.371,1163.925,1181.493,1108.146,1165.371,1092.071,1160.207,1089.497,1163.4,1096.496,1203.853,1188.354,1197.59,1133.74,1275.537,1252.546,1299.379,1269.804,1245.024,1238.973,397.046,408.827,442.639,473.905,486.414,471.314,497.569,469.726,485.982,461.12,482.399,461.449,561.102,563.062,669.044,659.796,759.248,729.401,776.252,726.605,793.017,784.534
17.760,91.974,149.195,65.321,64.862,1174.263,1148.255,1248.099,1164.082,1184.688,1103.692,1168.95,1089.338,1163.522,1087.228,1167.204,1093.371,1198.416,1188.838,1126.114,1218.83,1217.265,1303.22,1238.617,1327.731,1196.342,1276.317,391.792,408.374,437.286,472.33,479.546,460.331,497.166,457.707,484.967,449.406,479.92,450.275,558.673,560.267,648.181,660.61,727.15,738.085,730.149,752.416,773.989,797.11
17.800,164.323,102.877,63.24,57.716,1175.947,1145.372,1248.589,1162.441,1183.024,1100.708,1168.464,1087.582,1162.701,1086.049,1166.807,1091.658,1197.4,1177.509,1234.304,1121.287,1302.04,1208.676,1323.508,1231.879,1242.706,1177.607,385.463,405.525,431.087,471.283,470.651,451.542,486.808,447.335,476.847,439.737,472.39,441.01,552.812,555.568,654.994,644.578,749.831,732.44,757.993,743.958,801.698,784.184
17.840,167.018,116.758,58.995,55.771,1176.258,1141.342,1249.408,1153.43,1182.486,1099.762,1168.604,1086.995,1162.547,1086.06,1166.543,1091.872,1194.408,1169.873,1246.26,1110.223,1325.778,1165.908,1349.816,1189.351,1296.617,1121.614,381.843,401.466,426.916,470.507,461.539,446.277,478.523,442.043,465.549,433.12,460.562,434.348,547.418,551.011,649.803,639.119,745.101,738.986,747.953,753.462,806.131,782.879
17.880,165.107,134.01,57.58,55.436,1176.393,1135.052,1249.102,1148.388,1182.993,1095.025,1168.98,1082.87,1163.329,1081.97,1167.132,1087.727,1191.237,1163.93,1247.731,1107.959,1338.755,1135.249,1362.062,1151.283,1335.165,1087.432,379.987,398.533,418.253,462.27,456.147,439.898,471.117,436.294,458.949,428.114,454.86,429.154,543.093,547.627,641.516,640.308,733.343,743.149,734.541,758.639,796.12,780.496
17.920,145.177,162.131,56.418,56.044,1171.681,1135.678,1246.303,1149.262,1183.395,1097.681,1168.415,1084.142,1163.046,1083.654,1166.644,1089.742,1178.289,1169.47,1114.326,1237.927,1119.401,1339.001,1131.873,1366.679,1059.227,1349.776,380.12,396.461,417.369,461.961,453.529,440.87,467.214,437.402,455.129,427.955,451.269,429.003,538.262,540.908,639.321,636.98,755.952,712.204,778.478,711.004,791.978,773.107
17.960,156.238,152.905,57.46,54.668,1169.19,1132.44,1244.612,1150.562,1186.329,1099.352,1170.216,1084.973,1164.85,1084.239,1168.458,1090.203,1174.474,1171.016,1109.65,1240.39,1092.899,1353.146,1098.666,1376.507,1032.643,1374.524,379.912,394.831,413.875,461.133,452.039,442.45,465.371,438.929,454.141,429.601,450.372,430.428,536.558,538.337,641.46,637.502,761.386,697.276,787.971,692.777,773.396,757.637
18.000,165.333,142.861,59.048,59.928,1162.374,1133.476,1240.637,1147.051,1185.333,1096.668,1168.449,1082.719,1163.213,1081.185,1167.054,1087.918,1170.821,1171.627,1111.44,1235.342,1080.768,1356.428,1086.611,1377.502,1020.676,1382.093,380.456,392.874,419.226,461.237,454.724,444.045,466.617,440.913,454.627,431.362,451.52,432.426,537.058,537.98,644.125,639.912,764.046,686.034,790.2,678.249,762.309,737.148
18.040,165.93,132.369,57.939,58.826,1163.052,1131.132,1237.213,1149.242,1179.032,1099.273,1161.733,1083.041,1158.795,1081.862,1162.97,1088.903,1170.981,1169.162,1111.324,1229.852,1078.954,1346.567,1084.226,1365.354,1019.335,1381.082,383.459,393.311,423.036,460.018,456.426,445.703,467.604,441.144,455.987,432.447,452.874,434.03,539.528,538.722,645.569,643.663,763.96,669.17,791.572,655.026,757.655,700.53
18.080,160.356,119.177,59.175,66.981,1162.231,1129.387,1230.623,1148.537,1175.156,1096.042,1156.665,1080.73,1155.234,1079.486,1160.342,1086.243,1170.475,1167.004,1109.703,1219.678,1084.992,1335.231,1089.552,1350.612,1027.238,1375.807,389.202,393.627,436.983,458.393,461.952,452.368,472.559,452.636,457.593,445.782,453.87,445.163,544.415,544.013,645.745,649.92,769.309,655.436,797.026,641.433,761.171,689.697
18.120,156.502,106.425,62.269,75.59,1158.314,1128.867,1221.581,1150.618,1166.525,1095.396,1146.347,1080.655,1144.806,1079.666,1149.719,1086.29,1167.179,1164.772,1110.914,1212.512,1100.13,1319.978,1109.67,1334.834,1042.923,1361.649,394.257,397.382,450.605,459.638,471.277,464.322,479.595,467.365,465.315,460.957,461.84,459.885,550.665,550.894,653.647,662.141,773.245,649.325,797.637,632.616,774.489,679.535
18.160,153.706,95.994,60.899,80.418,1153.598,1127.177,1215.786,1151.907,1152.349,1096.694,1132.267,1081.076,1130.289,1079.804,1134.212,1087.597,1165.209,1162.17,1114.259,1198.951,1113.956,1310.578,1126.621,1325.294,1063.176,1335.489,400.163,405.121,463.724,469.992,481.047,481.011,488.956,486.716,474.721,477.357,471.855,474.765,555.017,554.813,657.471,669.24,774.82,645.87,797.125,627.63,794.904,670.452
18.200,150.171,83.182,61.047,80.388,1148.932,1126.347,1208.563,1151.837,1139.389,1097.388,1117.702,1081.926,1115.638,1080.543,1120.269,1087.972,1161.876,1159.258,1116.985,1170.272,1128.123,1285.97,1142.154,1298.908,1080.484,1326.292,406.795,414.242,472.287,478.752,488.721,490.275,496.084,496.823,484.224,488.692,481.797,485.521,562.97,562.13,662.553,672.762,776.883,647.104,795.185,629.055,799.916,671.25
18.240,64.219,156.034,62.438,81.393,1143.158,1124.327,1196.87,1154.488,1126.325,1109.109,1105.216,1090.483,1104.471,1088.959,1110.688,1096.516,1163.199,1155.723,1122.614,1139.73,1249.647,1167.299,1265.428,1176.789,1253.732,1119.16,411.293,416.636,482.314,479.945,494.166,493.704,502.236,500.256,489.633,492.845,485.748,489.096,563.972,565.069,670.939,670.564,659.817,771.024,641.75,784.441,703.536,794.306
18.280,118.805,79.389,64.669,74.328,1138.002,1119.37,1183.525,1151.677,1114.83,1108.645,1094.187,1090.606,1093.141,1089.151,1099.683,1096.488,1164.122,1153.786,1124.581,1130.844,1201.749,1228.887,1214.293,1242.826,1204.437,1223.598,414.159,420.551,488.54,486.426,495.926,494.365,503.854,499.893,491.052,491.63,487.981,489.505,564.261,565.963,676.062,672.056,762.62,674.779,774.136,659.661,792.157,709.151
18.320,129.836,68.713,66.328,72.037,1132.573,1116.128,1170.59,1146.574,1101.655,1103.864,1082.696,1084.921,1081.946,1085.435,1089.634,1092.939,1165.284,1150.495,1133.612,1108.005,1200.161,1227.176,1220.476,1247.539,1165.08,1249.207,414.701,420.275,490.13,490.727,493.836,494.771,500.283,498.331,486.978,489.458,485.079,488.74,564.425,566.768,681.961,672.045,776.711,673.484,790.813,661.62,803.673,710.215
18.360,139.25,72.355,68.58,75.973,1128.248,1116.398,1161.657,1140.198,1095.892,1100.888,1079.05,1083.194,1075.476,1082.875,1083.245,1090.029,1165.769,1147.714,1153.156,1093.332,1219.293,1199.599,1239.986,1220.203,1179.404,1208.019,412.813,417.766,487.697,487.673,490.711,490.957,498.951,494.289,485.094,485.857,482.942,485.115,566.899,567.361,686.078,667.793,781.562,688.044,796.819,683.063,806.404,730.755
18.400,144.569,73.91,66.765,59.87,1123.241,1117.31,1146.888,1174.984,1081.057,1118.618,1062.48,1111.368,1063.198,1109.725,1070.544,1109.216,1163.098,1147.158,1169.132,1083.433,1242.142,1177.176,1262.494,1201.76,1201.235,1169.322,411.568,417.159,487.056,471.36,480.321,488.215,477.691,491.435,467.231,483.749,469.445,483.073,566.479,566.255,684.149,654.767,776.376,688.262,790.187,690.319,803.423,735.477
18.440,149.927,80.566,62.738,59.487,1119.989,1118.587,1134.004,1184.845,1077.456,1144.691,1059.063,1135.202,1059.865,1130.853,1066.411,1132.141,1161.286,1145.277,1184.099,1072.748,1260.124,1166.087,1282.649,1188.01,1221.402,1158.166,410.443,413.471,486.743,456.953,469.612,476.722,466.268,477.784,456.476,472.486,458.611,470.909,565.457,565.428,684.501,648.312,772.201,706.082,785.254,709.131,804.029,763.421
18.480,158.484,96.406,60.13,65.705,1118.529,1117.574,1124.126,1182.181,1070.541,1152.599,1052.455,1144.299,1053.842,1137.91,1059.633,1140.595,1158.943,1138.358,1195.458,1069.398,1269.007,1143.818,1288.106,1165.678,1245.416,1118.279,410.127,409.277,484.687,451.607,459.041,470.433,455.314,470.835,446.502,466.319,447.71,464.98,564.8,564.89,680.926,641.545,771.843,725.31,779.211,733.788,804.576,776.351
18.520,168.176,113.063,56.575,64.361,1111.016,1118.056,1117.789,1184.205,1062.857,1150.126,1046.024,1140.943,1049.656,1135.865,1054.787,1138.867,1155.05,1133.079,1207.618,1066.769,1278.876,1116.443,1299.283,1137.621,1265.077,1078.339,405.097,403.773,482.714,447.32,452.965,467.8,447.196,468.215,438.733,463.637,440.488,462.243,561.964,562.795,670.739,639.673,763.214,740.812,767.644,755.943,804.957,782.721
18.560,170.962,127.263,50.5,62.752,1103.774,1118.58,1113.338,1185.487,1063.188,1148.217,1046.696,1138.564,1049.707,1134.16,1054.886,1137.305,1149.053,1129.831,1211.773,1062.347,1289.707,1088.276,1311.611,1106.672,1284.603,1040.08,398.984,398.376,480.847,443.556,448.482,463.979,443.276,465.611,434.657,461.228,436.243,459.474,557.872,558.767,659.459,640.9,749.97,750.34,753.804,770.105,804.634,781.213
18.600,168.48,146.206,48.543,60.316,1100.51,1117.499,1108.262,1187.101,1061.59,1153.038,1046.162,1144.992,1049.605,1139.232,1054.449,1142.371,1146.511,1126.432,1213.288,1066.248,1300.488,1062.653,1318.921,1074.494,1300.572,1010.518,395.869,398.055,479.86,440.628,445.722,459.403,440.889,463.038,431.999,458.874,433.649,456.773,554.724,557.276,652.506,641.407,737.157,756.758,735.959,779.925,803.608,775.255
18.640,160.702,156.572,51.719,65.445,1102.034,1112.807,1105.779,1179.834,1061.158,1151.681,1045.224,1144.627,1048.158,1140.919,1052.823,1143.369,1145.079,1125.87,1212.94,1068.03,1307.446,1046.022,1328.754,1052.18,1318.332,989.2,395.536,397.807,478.853,443.297,446.781,460.402,442.532,464.346,433.154,460.235,434.59,458.277,552.691,556.266,652.93,641.598,723.127,758.057,718.726,783.096,781.359,770.105
18.680,148.048,166.033,52.839,65.781,1097.974,1112.847,1103.851,1178.63,1059.728,1151.279,1044.129,1142.846,1046.633,1138.854,1051.214,1141.797,1140.113,1124.943,1206.857,1069.974,1308.681,1037.95,1328.865,1040.898,1328.036,982.075,395.805,398.288,478.401,445.515,449.648,461.374,446.128,465.273,436.695,461.123,437.751,459.276,552.908,556.943,655.279,649.526,702.641,756.051,695.844,780.739,758.956,766.239
18.720,139.305,167.003,53.282,63.493,1100.247,1111.756,1104.547,1178.364,1062.905,1149.815,1046.223,1142.308,1048.613,1138.143,1053.542,1140.295,1137.634,1125.73,1202.321,1069.612,1309.553,1034.97,1328.645,1038.204,1336.899,977.976,397.304,401.653,478.18,450.793,450.435,465.387,447.751,465.755,437.737,461.704,439.66,460.973,557.227,560.46,660.189,653.64,693.313,759.868,684.124,785.001,741.438,765.576
18.760,124.955,164.431,59.013,57.128,1096.666,1111.061,1109.298,1177.878,1064.156,1145.031,1046.476,1132.958,1049.329,1127.423,1054.933,1130.03,1134.58,1124.949,1192.862,1069.256,1301.313,1038.468,1320.177,1042.302,1330.146,982.612,402.848,407.003,477.968,459.527,460.239,470.81,457.317,469.375,449.137,465.634,451.423,465.227,563.804,565.859,670.751,657.707,682.85,767.512,665.318,794.136,719.997,765.068
18.800,105.426,156.1,67.175,55.292,1095.478,1108.131,1113.657,1174.64,1064.382,1134.958,1047.482,1124.41,1050.087,1119.047,1054.816,1121.629,1131.594,1122.398,1174.865,1067.055,1294.116,1049.959,1314.498,1055.204,1326.176,996.317,409.559,411.282,480.926,468.433,473.531,478.784,472.348,475.257,464.898,471.549,465.719,471.803,570.05,570.735,681.135,658.123,668.902,773.249,651.166,801.089,699.757,771.273
18.840,93.262,151.878,70.899,52.755,1094.211,1097.467,1119.39,1164.154,1064.233,1125.45,1047.837,1115.589,1050.516,1112.697,1055.195,1114.237,1129.816,1117.594,1161.205,1066.241,1277.094,1063.704,1285.102,1072.478,1320.7,1013.468,415.388,418.349,485.018,474.229,485.769,483.018,489.989,481.949,480.64,478.614,479.343,477.691,571.472,574.021,687.928,665.322,663.669,783.094,647.086,807.193,695.587,795.352
18.880,82.228,157.424,63.935,83.471,1095.448,1086.983,1140.153,1121.478,1067.901,1080.886,1051.891,1068.843,1050.907,1064.055,1055.331,1068.816,1128.749,1108.815,1138.561,1068.281,1252.432,1068.359,1265.217,1089.428,1318.292,1018.51,421.163,425.342,486.721,482.97,497.166,501.362,504.056,503.338,495.431,497.516,492.993,496.255,574.854,578.046,692.16,675.738,666.805,784.376,650.458,806.096,697.279,808.153
18.920,72.257,145.019,71.727,84.67,1094.022,1085.993,1138.608,1120.607,1071.277,1077.14,1055.317,1066.055,1052.094,1062.584,1056.536,1066.67,1126.026,1108.436,1121.44,1069.591,1230.994,1095.925,1244.51,1117.591,1286.543,1045.134,424.387,429.611,489.597,491.452,509.016,510.72,518.037,515.198,508.171,509.275,504.95,507.048,578.382,580.182,696.993,680.525,666.553,787.588,647.66,807.564,694.143,813.109
18.960,66.046,134.541,76.131,92.256,1093.266,1085.342,1137.336,1123.817,1076.548,1086.334,1058.684,1075.473,1055.43,1070.116,1060.653,1073.512,1124.991,1109.991,1104.652,1072.9,1213.621,1121.986,1229.762,1141.218,1257.193,1076.331,430.227,433.635,490.109,493.398,515.265,519.672,521.832,523.977,512.657,515.921,510.446,514.146,583.434,584.357,699.494,686.005,672.296,789.321,655.234,807.748,706.883,814.655
19.000,61.089,141.351,70.188,85.089,1092.254,1085.599,1145.998,1118.506,1083.293,1073.36,1067.394,1056.301,1060.865,1053.362,1066.127,1060.241,1123.055,1112.051,1085.427,1092.685,1196.841,1145.267,1216.852,1164.62,1222.754,1100.555,432.116,436.39,489.458,495.972,516.506,516.073,524.947,521.142,515.383,514.985,513.122,513.113,585.236,583.94,695.616,693.13,675.797,789.608,662.39,807.126,717.28,815.168
19.040,61.149,147.232,66.588,84.504,1093.136,1081.117,1154.312,1102.421,1092.22,1054.636,1076.481,1038.151,1069.014,1036.413,1073.78,1044.917,1123.252,1113.21,1070.338,1109.851,1186.286,1166.033,1206.243,1188.442,1201.386,1124.951,434.53,440.689,486.21,503.25,517.03,514.554,527.399,516.801,516.97,510.226,513.792,509.784,588.996,587.661,692.988,696.69,689.177,790.183,681.507,807.346,738.858,816.955
19.080,110.443,153.769,65.919,81.113,1094.313,1082.128,1159.342,1099.584,1100.557,1051.825,1084.178,1031.292,1079.541,1029.057,1083.11,1037.615,1124.732,1113.738,1100.558,1126.857,1176.258,1188.992,1197.161,1211.161,1151.402,1155.149,433.629,441.006,479.929,503.767,514.512,509.34,525.141,513.442,513.57,507.043,510.298,505.439,588.593,590.122,691.924,695.885,742.239,790.468,748.906,806.626,772.081,818.014
19.120,139.346,81.309,64.727,75.267,1097.044,1081.403,1166.059,1097.23,1107.2,1042.558,1090.759,1025.763,1086.269,1023.926,1089.943,1030.816,1125.531,1110.925,1126.002,1052.255,1202.199,1154.626,1221.158,1175.431,1171.313,1145.76,430.885,438.699,474.568,503.847,511.915,502.817,522.734,502.309,510.686,493.829,507.904,493.783,586.063,587.591,692.396,677.944,780.337,724.179,791.962,725.429,813.692,786.515
19.160,153.972,80.802,63.096,68.294,1101.175,1079.342,1170.889,1095.572,1112.03,1037.46,1096.817,1022.367,1091.938,1020.628,1095.36,1026.701,1125.809,1106.804,1149.073,1040.94,1215.261,1150.002,1237.734,1162.514,1198.705,1119.794,430.306,437.269,470.802,499.663,508.944,492.399,518.512,490.012,508.064,482.884,505.67,483.693,584.685,586.254,692.063,664.5,776.015,729.751,786.071,733.459,821.173,784.758
19.200,160.317,96.368,64.303,63.246,1102.193,1079.479,1172.195,1094.083,1112.673,1036.929,1098.817,1022.474,1093.429,1020.8,1096.48,1026.607,1125.94,1105.121,1164.439,1040.851,1234.688,1119.214,1258.057,1139.042,1210.726,1090.23,426.321,435.92,465.473,497.401,507.282,483.795,516.201,480.656,505.739,473.737,503.559,474.935,580.367,583.337,684.602,658.711,768.458,742.222,775.985,752.147,818.211,786.977
19.240,167.304,115.699,64.481,60.084,1104.222,1075.316,1174.454,1088.859,1117.08,1038.162,1103.517,1022.839,1098.823,1021.447,1101.827,1027.815,1125.067,1099.085,1175.176,1042.3,1248.415,1088.942,1271.151,1109.133,1232.719,1048.219,422.281,434.911,462.988,496.143,502.25,480.212,513.794,476.13,504.454,468.184,501.371,469.753,577.151,579.894,674.488,658.237,761.971,744.623,765.59,766.556,817.86,790.432
19.280,166.178,132.66,62.826,60.164,1104.401,1077.187,1174.069,1090.268,1119.759,1040.839,1105.575,1026.228,1101.639,1024.599,1104.726,1030.776,1121.945,1101.213,1178.474,1043.434,1263.697,1064.651,1284.737,1079.946,1259.426,1018.015,422.02,432.603,462.371,494.604,497.3,478.617,512.172,475.323,501.113,467.374,497.09,469.068,574.879,578.025,668.439,659.232,753.774,759.847,753.888,785.84,811.427,790.779
19.320,147.633,162.127,63.335,62.695,1104.394,1077.575,1171.841,1089.037,1120.238,1043.516,1105.309,1028.336,1101.429,1026.741,1104.499,1032.954,1113.327,1108.579,1053.905,1169.146,1052.215,1266.114,1060.867,1289.442,996.128,1274.705,421.962,430.905,462.122,494.026,495.078,480.097,509.922,476.718,498.408,468.892,494.315,470.64,572.225,575.066,662.846,660.699,771.984,733.387,795.264,731.142,800.377,786.545
19.360,155.977,154.364,64.104,64.71,1104.328,1078.087,1170.903,1088.133,1120.0,1042.059,1105.964,1027.956,1102.231,1027.303,1105.253,1032.941,1111.938,1112.066,1051.04,1176.669,1033.971,1278.236,1038.079,1299.316,978.614,1299.141,421.286,430.825,462.925,494.015,494.833,480.58,508.83,477.829,497.117,469.301,493.096,470.94,571.793,574.184,666.25,662.404,776.662,716.747,802.493,711.965,785.546,771.861
19.400,162.797,141.641,64.07,64.201,1105.082,1078.19,1171.482,1090.639,1120.083,1042.417,1105.585,1028.683,1101.374,1028.331,1104.481,1033.65,1112.503,1113.385,1055.623,1172.087,1028.591,1282.903,1030.625,1300.036,974.021,1310.21,421.193,430.849,463.21,493.939,495.01,481.344,508.803,478.96,496.9,470.906,493.078,472.193,572.09,574.418,667.659,669.05,779.767,709.009,806.124,702.364,779.829,754.582
19.440,161.96,125.886,64.571,65.436,1107.559,1081.978,1172.112,1106.46,1117.964,1057.101,1103.332,1038.838,1099.338,1035.688,1102.67,1044.321,1113.914,1114.332,1059.179,1165.056,1034.211,1277.765,1035.948,1294.273,977.397,1316.9,425.533,432.217,469.775,493.895,501.222,491.382,513.106,490.825,500.282,484.823,496.257,486.212,574.808,576.944,668.458,676.621,783.306,694.301,809.276,679.59,779.218,733.761
19.480,157.779,111.886,60.522,72.054,1109.921,1081.988,1173.545,1107.448,1117.764,1056.83,1102.363,1038.958,1098.424,1035.972,1102.058,1044.225,1114.729,1115.129,1061.219,1160.778,1044.282,1269.867,1050.265,1286.736,986.798,1304.801,435.223,439.81,484.883,496.882,508.044,502.288,516.772,502.276,505.339,496.805,502.066,496.824,581.029,582.378,672.901,683.149,793.464,678.415,817.621,664.392,787.102,709.451
19.520,154.994,99.72,60.543,71.567,1112.141,1082.439,1172.626,1108.3,1115.907,1057.783,1098.865,1040.616,1096.234,1038.425,1100.197,1045.705,1115.532,1115.08,1067.14,1151.237,1061.03,1257.918,1069.729,1273.257,1005.052,1300.12,441.089,446.971,496.085,505.473,514.804,510.262,521.699,510.399,510.534,504.965,507.644,504.652,586.612,588.185,677.823,691.199,796.685,673.116,820.1,657.141,801.453,703.042
19.560,149.537,92.226,61.303,70.667,1111.455,1084.644,1170.654,1116.576,1111.115,1069.351,1093.202,1049.97,1090.882,1047.49,1095.528,1058.394,1115.602,1115.003,1068.605,1144.967,1075.594,1246.038,1087.272,1260.287,1026.708,1287.185,446.992,453.642,504.115,511.857,522.689,519.685,529.824,525.208,517.272,516.122,514.894,514.135,593.639,594.007,686.732,697.756,795.498,672.774,816.944,657.581,814.109,699.783
19.600,143.947,81.949,61.838,70.851,1110.008,1088.728,1166.004,1125.235,1104.224,1077.037,1081.923,1058.002,1082.097,1056.776,1087.08,1065.558,1118.334,1118.629,1069.625,1122.189,1086.789,1242.208,1107.124,1257.883,1028.251,1272.66,453.38,457.693,514.523,515.151,530.296,526.529,536.191,533.612,523.652,525.879,521.604,522.945,594.53,593.941,691.27,695.455,795.767,674.165,813.891,658.756,820.372,698.754
19.640,138.86,69.222,60.798,75.654,1105.474,1089.552,1159.43,1126.712,1092.213,1081.482,1070.908,1063.885,1071.461,1064.009,1077.562,1070.419,1124.487,1120.749,1084.782,1096.519,1120.12,1214.022,1139.775,1232.66,1072.95,1214.056,456.379,459.476,522.81,518.182,534.518,532.866,541.792,540.603,528.807,531.434,525.954,527.999,598.126,598.138,699.101,694.373,797.936,680.683,813.088,671.475,820.187,714.601
19.680,132.768,69.684,62.301,76.271,1104.57,1089.453,1149.066,1122.669,1084.314,1076.776,1067.902,1061.713,1065.001,1059.274,1070.311,1065.666,1129.851,1122.258,1095.06,1094.192,1147.63,1203.256,1166.361,1223.672,1102.27,1219.973,458.612,462.284,529.045,526.474,534.237,537.602,541.573,542.336,527.911,531.453,525.375,529.478,596.688,598.182,702.239,692.944,797.122,685.664,812.195,673.037,821.025,718.539
19.720,136.891,62.587,61.538,68.928,1104.646,1090.868,1143.709,1112.545,1076.821,1077.473,1059.609,1061.395,1055.4,1058.249,1062.954,1065.86,1137.371,1122.989,1115.61,1081.105,1172.04,1192.484,1193.893,1211.396,1127.937,1213.806,457.647,461.17,529.103,538.765,529.339,535.411,539.079,536.908,524.447,528.522,521.544,528.176,597.911,602.479,707.458,694.46,798.209,688.757,813.839,673.878,822.981,738.339
19.760,145.119,76.529,67.7,68.92,1104.704,1098.554,1133.192,1147.046,1071.037,1112.85,1052.023,1107.354,1051.116,1100.173,1057.313,1098.921,1139.51,1125.613,1138.637,1069.989,1198.192,1164.649,1217.769,1182.754,1157.9,1169.297,456.403,458.303,525.795,522.055,525.817,531.976,522.072,528.208,513.807,525.115,516.321,522.689,600.503,602.167,711.099,691.7,797.981,723.153,814.147,700.831,823.42,742.438
19.800,150.228,75.633,62.799,74.453,1104.964,1099.254,1123.422,1161.643,1062.701,1128.104,1045.937,1117.496,1047.65,1114.636,1052.853,1115.913,1140.185,1125.65,1154.61,1063.615,1221.322,1158.868,1238.788,1178.335,1186.803,1159.943,454.54,454.505,525.254,506.469,511.712,529.659,505.56,521.909,498.061,523.911,500.655,521.049,599.846,600.698,707.948,677.589,795.291,721.057,806.905,719.445,820.821,768.059
19.840,156.833,84.166,58.426,61.778,1104.395,1112.724,1117.86,1171.808,1061.093,1138.917,1045.7,1128.849,1047.829,1125.111,1053.184,1127.196,1140.543,1128.508,1172.299,1061.708,1241.062,1145.012,1262.277,1169.673,1214.273,1133.065,453.529,451.332,522.062,495.114,500.886,510.618,495.354,506.538,488.1,506.008,490.511,504.911,598.578,599.518,704.895,666.8,787.434,734.161,797.473,737.365,820.509,785.466
19.880,161.77,97.871,52.415,59.734,1103.633,1116.738,1116.744,1178.925,1061.893,1140.691,1047.177,1130.255,1049.403,1125.56,1054.433,1129.04,1143.432,1127.744,1187.379,1062.19,1254.211,1127.237,1272.985,1148.734,1237.489,1097.738,448.398,444.44,519.799,484.309,491.634,503.849,487.202,503.55,480.256,501.106,482.042,499.943,596.16,595.989,700.894,660.882,777.794,747.71,786.714,757.21,820.506,794.227
19.920,168.61,115.695,51.741,61.215,1103.659,1120.46,1116.258,1183.477,1063.716,1144.065,1049.011,1134.653,1051.707,1130.84,1056.753,1134.7,1144.711,1127.094,1198.467,1065.554,1268.058,1106.73,1286.11,1124.662,1254.889,1069.907,441.789,439.944,514.899,479.578,486.393,501.467,480.277,502.558,473.971,499.223,476.115,498.014,588.844,588.514,686.871,655.653,769.428,758.62,777.622,773.48,820.611,795.324
19.960,171.708,131.627,51.702,62.366,1104.168,1119.005,1116.068,1183.657,1066.37,1147.2,1050.885,1137.645,1053.53,1133.508,1058.694,1137.883,1146.918,1126.097,1208.951,1066.145,1280.182,1082.984,1300.07,1098.465,1275.377,1038.915,436.524,435.752,509.366,475.278,481.796,497.119,476.117,499.527,470.536,496.73,472.371,494.849,585.026,584.99,679.342,658.502,759.5,762.774,762.899,782.081,816.789,790.818
20.000,165.932,144.731,55.684,65.548,1107.308,1118.778,1115.71,1183.262,1068.52,1153.61,1052.764,1144.097,1054.549,1140.906,1059.26,1144.739,1148.992,1126.484,1211.559,1070.076,1293.115,1068.314,1312.98,1077.604,1292.902,1017.842,433.911,434.491,504.769,474.964,480.148,494.541,475.162,497.512,469.247,494.885,470.657,493.386,583.63,584.175,675.127,661.169,747.452,766.52,747.121,787.049,806.474,784.191
20.040,156.634,156.242,65.933,73.955,1111.628,1118.052,1118.088,1180.415,1069.429,1158.797,1053.998,1151.432,1058.563,1148.268,1063.494,1150.884,1150.449,1129.866,1211.389,1075.938,1304.651,1055.989,1326.233,1059.338,1308.097,1001.898,433.149,434.614,494.757,474.022,478.87,493.26,474.944,498.026,469.768,495.234,471.308,493.205,581.978,583.999,672.603,663.008,732.512,770.033,729.395,794.957,786.651,783.857
20.080,145.394,165.631,66.64,62.952,1112.681,1121.241,1117.402,1185.212,1075.895,1153.201,1060.444,1144.356,1066.696,1140.575,1074.439,1143.701,1149.848,1131.545,1208.23,1083.124,1309.186,1050.735,1329.378,1050.817,1330.131,1001.814,434.402,435.623,495.983,475.863,481.71,494.931,477.281,498.412,471.978,495.187,474.112,493.92,582.649,584.236,674.906,663.801,717.901,770.049,708.894,795.254,770.564,773.631
20.120,136.338,165.122,65.681,60.741,1113.611,1121.909,1118.37,1185.263,1081.311,1152.087,1065.153,1142.214,1068.953,1138.333,1075.126,1141.676,1149.787,1133.852,1202.949,1086.481,1309.808,1056.575,1326.663,1057.266,1339.606,1003.932,438.616,438.169,497.147,477.929,483.9,496.04,478.789,497.339,473.913,494.372,476.046,493.924,584.662,587.849,676.309,666.781,707.396,770.448,696.907,796.856,752.125,770.487
20.160,118.186,162.066,62.786,64.842,1119.871,1123.107,1139.808,1184.205,1087.5,1152.014,1071.044,1141.705,1071.909,1139.044,1077.695,1141.508,1151.955,1139.005,1197.284,1091.045,1304.679,1066.778,1317.16,1069.922,1340.76,1010.92,440.24,441.843,498.323,484.421,490.721,502.985,490.036,502.661,482.992,500.8,483.922,499.183,584.27,587.899,685.589,669.005,693.254,777.024,680.295,802.225,732.766,771.613
20.200,105.743,158.817,66.086,60.091,1119.176,1121.664,1148.183,1182.733,1092.588,1149.917,1077.758,1141.149,1076.533,1136.511,1080.923,1138.563,1152.791,1139.463,1194.835,1092.822,1299.067,1077.199,1309.587,1082.631,1338.692,1026.504,441.826,445.335,498.44,492.987,501.563,506.33,503.527,505.964,496.751,502.784,496.359,502.121,585.539,590.832,695.443,674.365,685.972,785.616,669.771,808.882,720.427,782.222
20.240,94.14,154.395,67.018,65.828,1120.097,1120.779,1156.505,1181.096,1098.507,1149.012,1083.131,1138.913,1082.192,1136.375,1087.239,1137.929,1152.753,1138.227,1180.93,1093.466,1293.774,1089.693,1307.501,1105.448,1324.774,1037.113,445.008,449.552,502.651,503.138,512.144,517.564,516.843,522.156,509.413,518.381,507.843,514.564,587.78,593.29,700.764,678.939,681.144,787.711,667.216,807.615,712.237,800.448
20.280,81.426,143.934,66.991,98.499,1124.055,1115.671,1164.857,1145.484,1104.621,1118.605,1091.972,1109.504,1089.153,1103.171,1093.413,1106.817,1154.624,1137.397,1168.888,1096.652,1274.416,1116.427,1279.498,1132.423,1313.981,1066.135,451.73,454.924,510.373,508.782,522.979,529.381,528.742,532.047,520.231,525.51,518.145,524.05,593.195,596.781,707.126,682.356,677.443,787.966,665.42,806.442,702.334,808.228
20.320,73.965,141.866,75.694,114.309,1127.056,1113.166,1166.735,1142.649,1112.429,1121.585,1099.029,1113.552,1096.72,1108.839,1100.938,1110.825,1155.967,1137.82,1149.858,1105.969,1248.405,1138.525,1259.599,1156.11,1303.162,1095.024,453.883,461.52,510.926,514.79,531.248,543.021,537.992,549.677,529.113,544.795,526.325,538.921,596.497,599.36,707.916,687.927,685.353,786.057,671.864,803.932,708.636,809.652
20.360,140.22,73.299,73.706,93.096,1128.89,1113.81,1177.059,1146.657,1122.932,1115.516,1105.524,1102.399,1102.041,1098.937,1106.705,1103.653,1158.602,1143.505,1132.514,1118.147,1168.921,1224.184,1186.035,1242.94,1128.574,1256.959,455.292,460.78,510.24,512.588,535.417,534.778,542.122,539.113,532.329,533.216,530.199,530.813,598.599,599.652,705.886,693.602,780.162,690.648,795.412,677.619,804.664,724.792
20.400,68.739,142.048,73.533,87.222,1133.429,1119.792,1185.553,1144.613,1135.516,1104.277,1119.502,1087.997,1113.44,1086.278,1118.619,1093.525,1158.714,1153.303,1119.732,1142.888,1214.354,1189.31,1230.557,1210.357,1212.461,1157.485,456.332,461.543,506.779,516.837,535.053,532.641,545.064,534.66,534.237,529.077,531.388,528.446,598.68,599.006,705.014,696.149,703.15,770.922,693.655,786.174,749.229,797.876
20.440,67.213,154.678,72.454,87.403,1138.984,1125.567,1191.793,1144.237,1143.088,1097.236,1129.843,1081.52,1123.424,1078.074,1127.395,1082.725,1161.207,1158.319,1112.127,1165.504,1214.403,1211.547,1230.847,1229.034,1229.207,1174.19,457.012,461.677,502.743,516.957,532.662,530.491,543.29,529.688,533.825,522.636,531.01,524.627,597.906,598.516,694.213,699.241,701.754,780.947,692.274,796.537,748.826,809.174
20.480,69.756,152.392,65.717,78.961,1143.98,1124.984,1202.349,1145.073,1148.243,1093.737,1134.411,1078.182,1129.885,1076.349,1132.785,1081.193,1166.158,1158.175,1108.192,1172.836,1198.308,1235.696,1220.008,1254.812,1207.567,1197.12,456.619,460.389,494.104,515.66,529.251,523.731,540.677,519.703,530.207,513.578,527.172,515.191,593.538,597.378,682.026,695.633,702.805,781.854,706.516,796.557,759.701,808.064
20.520,78.267,156.334,68.878,62.8,1145.218,1124.595,1208.647,1145.353,1153.723,1089.323,1139.247,1076.029,1134.485,1074.645,1137.294,1079.701,1166.229,1158.59,1100.057,1185.59,1188.08,1254.464,1208.307,1272.196,1178.681,1224.042,448.191,457.478,485.866,514.249,529.038,507.256,536.438,504.734,526.765,499.642,524.038,499.799,587.609,592.04,670.427,691.627,715.069,777.179,720.623,791.635,770.925,807.812
20.560,85.957,165.123,68.309,62.299,1148.223,1127.111,1211.527,1142.46,1156.938,1086.698,1141.802,1075.938,1137.409,1075.101,1140.438,1079.919,1165.007,1161.331,1092.287,1200.501,1170.115,1266.51,1191.374,1287.471,1151.787,1246.995,443.236,454.677,481.531,510.19,522.872,498.088,535.802,494.908,526.134,489.924,521.756,490.736,584.705,587.66,661.285,684.863,725.385,773.017,731.867,782.504,772.964,806.65
20.600,143.61,171.278,64.826,58.705,1153.045,1127.03,1214.979,1142.781,1160.715,1089.564,1146.765,1077.653,1141.987,1076.839,1144.34,1082.194,1165.34,1160.008,1132.435,1208.471,1152.147,1243.533,1172.609,1260.936,1120.291,1223.543,439.921,451.924,476.806,505.744,513.476,491.502,527.031,490.264,518.392,484.687,514.041,484.685,580.826,581.878,668.141,671.314,738.079,769.08,750.482,780.607,779.137,805.143
20.640,118.084,171.142,63.78,62.205,1155.033,1127.185,1216.055,1142.599,1163.892,1092.154,1148.382,1080.296,1144.553,1078.726,1147.079,1084.176,1164.783,1162.499,1097.226,1215.721,1133.532,1289.984,1151.322,1310.292,1092.028,1284.577,436.315,447.942,472.73,498.099,506.545,488.556,519.402,485.901,509.852,480.395,505.982,481.235,576.302,576.642,653.366,663.431,749.565,750.764,766.557,754.858,781.329,802.244
20.680,129.629,164.116,62.271,67.286,1155.452,1129.495,1217.386,1143.281,1164.512,1094.326,1148.85,1082.601,1144.53,1080.848,1147.259,1086.027,1164.544,1162.194,1095.417,1217.021,1111.237,1300.07,1126.107,1325.64,1066.979,1303.533,434.676,440.806,470.856,494.718,503.869,487.515,515.576,485.461,505.161,478.458,501.844,478.968,575.704,574.948,654.705,660.014,752.537,733.011,771.727,736.443,777.694,789.562
20.720,143.648,154.069,62.131,70.729,1157.075,1131.755,1217.658,1144.888,1165.445,1095.821,1150.205,1083.924,1145.455,1082.14,1148.698,1087.211,1164.006,1162.334,1099.901,1216.038,1097.915,1307.282,1106.16,1329.42,1044.428,1320.545,434.033,439.131,471.675,489.6,502.158,485.579,513.039,483.862,502.902,477.289,499.868,478.108,572.171,571.955,655.945,658.514,762.098,716.09,783.288,715.088,774.83,772.218
20.760,155.492,144.796,61.361,76.132,1158.149,1134.881,1218.55,1146.37,1165.372,1096.677,1150.376,1084.494,1146.106,1082.837,1149.684,1087.804,1162.842,1163.253,1104.423,1214.394,1087.996,1313.195,1093.022,1332.273,1034.04,1331.687,433.965,439.101,472.43,484.734,501.751,484.963,511.743,483.61,501.66,478.489,498.791,479.136,570.867,570.932,659.338,659.007,763.88,704.355,785.617,700.624,764.964,752.265
20.800,159.913,132.634,64.404,76.069,1159.801,1134.336,1216.397,1146.483,1165.373,1097.213,1150.591,1084.777,1146.364,1083.299,1149.659,1088.237,1162.843,1162.442,1106.917,1210.941,1085.139,1314.056,1088.115,1332.901,1032.226,1342.012,434.479,440.309,474.42,487.825,502.927,488.177,512.433,486.952,502.565,481.62,499.832,482.096,572.013,572.554,661.221,661.621,763.706,687.455,787.5,677.354,758.998,727.595
20.840,158.518,121.508,61.719,73.672,1162.526,1133.802,1217.039,1149.193,1162.958,1100.798,1149.062,1085.564,1145.057,1083.94,1148.085,1089.185,1162.889,1161.974,1107.52,1205.624,1088.404,1308.582,1092.316,1323.919,1036.934,1339.449,438.043,440.88,478.803,489.098,503.944,490.259,512.906,490.104,503.021,486.743,500.617,486.538,573.033,572.876,662.137,664.219,766.552,674.979,790.695,664.502,759.808,712.944
20.880,153.584,111.611,61.125,65.385,1160.723,1136.618,1215.666,1161.897,1161.335,1103.361,1147.224,1087.786,1143.794,1085.675,1146.767,1091.572,1163.408,1161.983,1107.998,1202.151,1097.872,1299.748,1102.647,1315.902,1048.125,1334.713,441.926,443.225,489.618,498.819,509.572,498.652,516.79,499.682,506.176,495.626,503.46,495.416,573.191,574.219,662.51,669.167,769.655,666.918,792.942,655.298,762.462,701.256
20.920,150.091,99.73,61.641,73.711,1159.652,1138.103,1214.705,1159.429,1159.895,1107.141,1144.76,1091.757,1143.674,1089.875,1146.588,1096.239,1163.332,1163.016,1110.4,1191.807,1107.777,1293.042,1110.897,1312.776,1063.753,1325.173,446.494,451.147,499.034,504.243,516.821,509.364,522.497,512.534,512.291,507.019,509.889,505.843,578.601,579.331,665.497,673.863,770.028,661.057,789.883,645.256,779.231,692.102
20.960,140.995,87.436,63.25,80.424,1158.914,1137.514,1209.836,1158.082,1153.494,1111.741,1135.467,1097.192,1135.944,1094.694,1139.509,1100.964,1164.139,1162.723,1112.284,1176.53,1127.332,1277.409,1138.534,1288.063,1081.129,1314.341,451.215,455.662,507.889,512.117,523.187,520.657,527.099,525.413,517.606,519.355,516.33,517.287,580.221,581.415,668.222,679.905,768.965,661.128,787.003,645.019,788.676,687.723
21.000,149.581,130.109,62.482,76.081,1153.102,1138.033,1202.24,1167.184,1142.378,1124.855,1121.683,1108.841,1121.412,1107.904,1127.115,1114.078,1166.099,1163.5,1131.942,1143.686,1147.242,1188.22,1164.275,1202.031,1110.232,1169.101,453.54,457.567,513.86,512.649,526.202,523.179,531.284,528.449,521.335,522.642,519.33,520.25,584.535,584.034,672.869,671.2,766.521,730.117,784.201,740.669,787.977,744.766
21.040,139.015,75.87,64.528,80.884,1150.269,1137.587,1193.619,1167.343,1132.125,1130.149,1114.355,1116.015,1114.231,1112.938,1119.671,1117.65,1168.885,1163.246,1135.148,1136.127,1169.317,1228.663,1185.886,1239.682,1131.259,1223.684,455.351,458.662,518.81,514.668,528.401,527.377,533.629,529.894,522.384,520.732,520.861,520.0,583.98,584.177,678.522,672.493,765.947,677.246,783.24,729.272,789.223,730.069
21.080,136.026,70.256,66.84,78.404,1149.699,1135.058,1184.795,1153.443,1125.253,1128.805,1110.785,1110.525,1107.665,1108.401,1113.879,1113.329,1172.669,1160.416,1146.08,1127.665,1192.624,1229.888,1211.409,1246.349,1153.337,1244.413,455.08,459.869,520.707,524.958,525.893,526.758,531.611,528.544,521.188,518.833,518.931,518.649,584.206,586.478,681.668,673.834,766.635,675.274,782.097,676.691,789.548,721.261
21.120,141.286,69.159,66.642,69.058,1149.36,1135.182,1179.389,1150.618,1120.695,1126.276,1104.43,1104.523,1101.119,1103.213,1107.57,1112.534,1176.543,1160.272,1163.923,1116.61,1214.942,1212.904,1233.754,1229.969,1176.152,1228.995,454.828,458.975,516.337,525.857,519.069,522.46,520.897,524.29,510.849,515.819,511.279,515.486,583.898,586.292,682.698,670.084,766.167,681.364,781.441,676.696,788.487,723.608
21.160,144.849,74.485,66.407,65.006,1145.651,1144.114,1163.753,1195.642,1108.18,1158.747,1092.733,1147.203,1092.975,1144.944,1098.447,1148.433,1175.25,1160.363,1175.659,1106.312,1235.345,1204.533,1253.063,1222.598,1197.522,1211.768,451.046,454.753,513.564,500.135,506.302,516.28,503.404,514.084,495.221,510.338,497.447,509.085,583.686,585.881,681.283,656.407,765.3,695.995,776.637,680.764,787.356,724.774
21.200,146.451,77.135,58.2,66.73,1140.365,1150.814,1156.239,1205.998,1102.373,1172.078,1086.714,1159.993,1089.017,1156.309,1094.415,1160.347,1174.161,1163.444,1186.647,1100.801,1253.44,1185.112,1271.158,1204.721,1218.139,1183.9,449.203,447.054,511.975,486.604,494.879,507.066,491.389,504.846,483.181,501.55,485.275,500.632,581.916,582.365,678.856,646.628,755.995,698.099,767.249,697.785,786.223,743.964
21.240,151.706,90.734,53.394,71.568,1136.178,1150.983,1151.479,1206.714,1098.211,1181.73,1082.124,1174.356,1084.789,1170.76,1089.814,1174.239,1173.682,1163.223,1199.396,1099.8,1265.12,1167.146,1285.191,1187.484,1246.964,1152.508,439.055,436.487,506.542,476.008,483.013,494.31,477.838,495.795,470.291,492.491,472.329,491.344,574.074,573.755,673.665,636.888,744.714,706.298,755.04,713.155,786.162,753.984
21.280,160.899,104.874,54.623,65.776,1135.327,1150.132,1150.15,1209.692,1099.7,1182.762,1084.652,1175.425,1087.101,1171.129,1091.835,1174.514,1173.297,1161.669,1212.835,1099.683,1280.405,1151.522,1299.563,1170.236,1260.876,1122.052,432.579,431.695,497.759,468.824,476.795,486.876,471.239,489.498,463.902,486.299,465.783,484.69,567.428,567.999,662.824,633.45,738.894,717.438,745.29,727.104,786.077,756.981
21.320,165.996,123.204,58.84,64.123,1134.33,1149.929,1145.353,1208.513,1095.766,1174.887,1082.29,1166.453,1086.514,1162.264,1090.853,1165.655,1173.1,1156.376,1219.82,1098.564,1289.153,1128.59,1307.434,1145.289,1279.51,1091.22,426.163,427.046,489.176,463.547,469.905,484.721,463.916,487.37,456.735,484.064,458.544,482.223,560.621,561.505,650.405,632.485,728.786,726.947,730.955,742.555,783.341,758.357
21.360,166.888,140.712,57.507,60.766,1134.056,1149.612,1141.065,1210.041,1095.644,1171.879,1083.626,1162.155,1086.52,1157.643,1091.025,1161.444,1172.177,1153.195,1224.308,1100.853,1297.312,1106.651,1316.965,1117.332,1294.109,1062.776,423.349,424.98,487.556,460.417,465.143,482.787,461.021,484.179,452.821,480.815,454.616,479.731,557.648,559.299,643.308,631.547,717.764,730.118,719.819,749.787,775.569,754.053
21.400,163.147,153.604,54.683,59.795,1131.338,1153.475,1139.415,1209.034,1095.642,1174.329,1084.274,1166.796,1087.504,1162.154,1091.983,1165.86,1168.442,1153.498,1226.369,1104.468,1302.305,1092.52,1322.347,1098.987,1303.233,1043.501,421.068,423.918,484.803,459.182,461.436,477.165,457.588,477.994,450.988,475.629,452.799,474.545,555.557,559.26,640.254,634.069,701.259,733.603,702.804,754.463,752.741,746.602
21.440,155.765,164.038,59.105,62.274,1129.702,1152.293,1135.921,1208.223,1099.293,1174.639,1087.001,1165.323,1089.715,1161.011,1094.269,1165.029,1165.588,1153.972,1223.606,1107.109,1308.849,1081.113,1329.279,1082.578,1316.462,1032.288,420.358,423.079,481.025,457.066,463.912,477.236,460.785,479.279,455.165,476.087,456.656,474.827,554.9,558.648,638.784,635.674,690.197,730.344,689.417,751.906,736.303,730.092
